bench_array_conc_write_reads_ops.rb;1;FixedSize;4866
bench_array_conc_write_reads_ops.rb;1;Synchronized;630
bench_array_conc_write_reads_ops.rb;1;ReentrantLock;486
bench_array_conc_write_reads_ops.rb;1;CustomLock;518
bench_array_conc_write_reads_ops.rb;1;StampedLock;484
bench_array_conc_write_reads_ops.rb;1;LayoutLock;517
bench_array_conc_write_reads_ops.rb;1;FastLayoutLock;525
bench_array_conc_write_reads_ops.rb;2;FixedSize;8214
bench_array_conc_write_reads_ops.rb;2;Synchronized;101
bench_array_conc_write_reads_ops.rb;2;ReentrantLock;67
bench_array_conc_write_reads_ops.rb;2;CustomLock;85
bench_array_conc_write_reads_ops.rb;2;StampedLock;77
bench_array_conc_write_reads_ops.rb;2;LayoutLock;81
bench_array_conc_write_reads_ops.rb;2;FastLayoutLock;84
bench_array_conc_write_reads_ops.rb;4;FixedSize;14715
bench_array_conc_write_reads_ops.rb;4;Synchronized;74
bench_array_conc_write_reads_ops.rb;4;ReentrantLock;241
bench_array_conc_write_reads_ops.rb;4;CustomLock;242
bench_array_conc_write_reads_ops.rb;4;StampedLock;221
bench_array_conc_write_reads_ops.rb;4;LayoutLock;221
bench_array_conc_write_reads_ops.rb;4;FastLayoutLock;213
bench_array_conc_write_reads_ops.rb;8;FixedSize;21613
bench_array_conc_write_reads_ops.rb;8;Synchronized;94
bench_array_conc_write_reads_ops.rb;8;ReentrantLock;237
bench_array_conc_write_reads_ops.rb;8;CustomLock;259
bench_array_conc_write_reads_ops.rb;8;StampedLock;241
bench_array_conc_write_reads_ops.rb;8;LayoutLock;242
bench_array_conc_write_reads_ops.rb;8;FastLayoutLock;242
bench_array_conc_write_reads_ops.rb;16;FixedSize;22007
bench_array_conc_write_reads_ops.rb;16;Synchronized;121
bench_array_conc_write_reads_ops.rb;16;ReentrantLock;267
bench_array_conc_write_reads_ops.rb;16;CustomLock;274
bench_array_conc_write_reads_ops.rb;16;StampedLock;244
bench_array_conc_write_reads_ops.rb;16;LayoutLock;250
bench_array_conc_write_reads_ops.rb;16;FastLayoutLock;267
bench_array_conc_write_reads_ops.rb;32;FixedSize;30590
bench_array_conc_write_reads_ops.rb;32;Synchronized;135
bench_array_conc_write_reads_ops.rb;32;ReentrantLock;259
bench_array_conc_write_reads_ops.rb;32;CustomLock;284
bench_array_conc_write_reads_ops.rb;32;StampedLock;278
bench_array_conc_write_reads_ops.rb;32;LayoutLock;268
bench_array_conc_write_reads_ops.rb;32;FastLayoutLock;267
bench_array_conc_write_reads_ops.rb;48;FixedSize;32671
bench_array_conc_write_reads_ops.rb;48;Synchronized;142
bench_array_conc_write_reads_ops.rb;48;ReentrantLock;303
bench_array_conc_write_reads_ops.rb;48;CustomLock;301
bench_array_conc_write_reads_ops.rb;48;StampedLock;281
bench_array_conc_write_reads_ops.rb;48;LayoutLock;301
bench_array_conc_write_reads_ops.rb;48;FastLayoutLock;301
bench_array_conc_write_reads_ops.rb;64;FixedSize;28279
bench_array_conc_write_reads_ops.rb;64;Synchronized;148
bench_array_conc_write_reads_ops.rb;64;ReentrantLock;311
bench_array_conc_write_reads_ops.rb;64;CustomLock;322
bench_array_conc_write_reads_ops.rb;64;StampedLock;318
bench_array_conc_write_reads_ops.rb;64;LayoutLock;323
bench_array_conc_write_reads_ops.rb;64;FastLayoutLock;347
