bench_histogram.rb;1;FastLayoutLock;1;0.210330057446131
bench_histogram.rb;1;FastLayoutLock;2;0.298825827003413
bench_histogram.rb;1;FastLayoutLock;3;0.298272330062805
bench_histogram.rb;1;FastLayoutLock;4;1.68696295969716
bench_histogram.rb;1;FastLayoutLock;5;1.72746698635429
bench_histogram.rb;1;FastLayoutLock;6;1.68087392145776
bench_histogram.rb;1;FastLayoutLock;7;1.69783563325336
bench_histogram.rb;1;FastLayoutLock;8;1.68185321696173
bench_histogram.rb;1;FastLayoutLock;9;1.69072552211816
bench_histogram.rb;1;FastLayoutLock;10;1.73090969912121
bench_histogram.rb;1;FastLayoutLock;11;1.68522094908236
bench_histogram.rb;1;FastLayoutLock;12;1.69221752665866
bench_histogram.rb;1;FastLayoutLock;13;1.68244301090451
bench_histogram.rb;1;FastLayoutLock;14;1.69222595688368
bench_histogram.rb;1;FastLayoutLock;15;1.73806962885724
bench_histogram.rb;1;FastLayoutLock;16;1.67532654793168
bench_histogram.rb;1;FastLayoutLock;17;1.66467023422232
bench_histogram.rb;1;FastLayoutLock;18;1.69039121687352
bench_histogram.rb;1;FastLayoutLock;19;1.69167294306396
bench_histogram.rb;1;FastLayoutLock;20;1.7317135243637
bench_histogram.rb;1;FastLayoutLock;21;1.68456000818222
bench_histogram.rb;1;FastLayoutLock;22;1.70266962076347
bench_histogram.rb;1;FastLayoutLock;23;1.68387014923911
bench_histogram.rb;1;FastLayoutLock;24;1.68362933168335
bench_histogram.rb;1;FastLayoutLock;25;1.718074971804
bench_histogram.rb;1;FastLayoutLock;26;1.68542992693827
bench_histogram.rb;1;FastLayoutLock;27;1.69438176490424
bench_histogram.rb;1;FastLayoutLock;28;1.68795686668998
bench_histogram.rb;1;FastLayoutLock;29;1.68361022141684
bench_histogram.rb;1;FastLayoutLock;30;1.7350855647863
bench_histogram.rb;2;FastLayoutLock;1;0.282760633135254
bench_histogram.rb;2;FastLayoutLock;2;0.403947500513213
bench_histogram.rb;2;FastLayoutLock;3;0.587306572819946
bench_histogram.rb;2;FastLayoutLock;4;0.427643671228247
bench_histogram.rb;2;FastLayoutLock;5;0.57986703309797
bench_histogram.rb;2;FastLayoutLock;6;0.433606852181972
bench_histogram.rb;2;FastLayoutLock;7;2.94234355328537
bench_histogram.rb;2;FastLayoutLock;8;2.94267546440013
bench_histogram.rb;2;FastLayoutLock;9;2.94643094476173
bench_histogram.rb;2;FastLayoutLock;10;2.9884213855473
bench_histogram.rb;2;FastLayoutLock;11;2.98397245957115
bench_histogram.rb;2;FastLayoutLock;12;2.96295381870659
bench_histogram.rb;2;FastLayoutLock;13;2.96631427036025
bench_histogram.rb;2;FastLayoutLock;14;2.97547289387982
bench_histogram.rb;2;FastLayoutLock;15;2.98286268652163
bench_histogram.rb;2;FastLayoutLock;16;2.99871640276095
bench_histogram.rb;2;FastLayoutLock;17;2.88290076448398
bench_histogram.rb;2;FastLayoutLock;18;2.9297977513629
bench_histogram.rb;2;FastLayoutLock;19;2.84383696546145
bench_histogram.rb;2;FastLayoutLock;20;1.79902197802511
bench_histogram.rb;2;FastLayoutLock;21;1.77565539869533
bench_histogram.rb;2;FastLayoutLock;22;1.73208617748217
bench_histogram.rb;2;FastLayoutLock;23;1.93793687475995
bench_histogram.rb;2;FastLayoutLock;24;2.11303826741342
bench_histogram.rb;2;FastLayoutLock;25;1.7744775884567
bench_histogram.rb;2;FastLayoutLock;26;1.766474088404
bench_histogram.rb;2;FastLayoutLock;27;1.71548153584286
bench_histogram.rb;2;FastLayoutLock;28;1.94753097751397
bench_histogram.rb;2;FastLayoutLock;29;2.07365816980621
bench_histogram.rb;2;FastLayoutLock;30;1.77621617562588
bench_histogram.rb;4;FastLayoutLock;1;0.346788025608421
bench_histogram.rb;4;FastLayoutLock;2;0.324976695323791
bench_histogram.rb;4;FastLayoutLock;3;0.731802286970066
bench_histogram.rb;4;FastLayoutLock;4;0.424006984311233
bench_histogram.rb;4;FastLayoutLock;5;3.87561798846189
bench_histogram.rb;4;FastLayoutLock;6;3.9708397062483
bench_histogram.rb;4;FastLayoutLock;7;3.88418145462526
bench_histogram.rb;4;FastLayoutLock;8;3.85984972508332
bench_histogram.rb;4;FastLayoutLock;9;3.86532193549481
bench_histogram.rb;4;FastLayoutLock;10;3.93698675922331
bench_histogram.rb;4;FastLayoutLock;11;3.92988267328748
bench_histogram.rb;4;FastLayoutLock;12;3.81469357541984
bench_histogram.rb;4;FastLayoutLock;13;3.8443498865014
bench_histogram.rb;4;FastLayoutLock;14;3.50180531138306
bench_histogram.rb;4;FastLayoutLock;15;3.92040887589081
bench_histogram.rb;4;FastLayoutLock;16;3.93245736328592
bench_histogram.rb;4;FastLayoutLock;17;3.99977086306985
bench_histogram.rb;4;FastLayoutLock;18;3.98014024078566
bench_histogram.rb;4;FastLayoutLock;19;3.88393967051823
bench_histogram.rb;4;FastLayoutLock;20;3.93213812172173
bench_histogram.rb;4;FastLayoutLock;21;3.90565452728224
bench_histogram.rb;4;FastLayoutLock;22;3.94007037424749
bench_histogram.rb;4;FastLayoutLock;23;3.85708072771402
bench_histogram.rb;4;FastLayoutLock;24;3.75743655371783
bench_histogram.rb;4;FastLayoutLock;25;3.96047703369472
bench_histogram.rb;4;FastLayoutLock;26;3.93777266234853
bench_histogram.rb;4;FastLayoutLock;27;3.77495286221338
bench_histogram.rb;4;FastLayoutLock;28;3.78464120455816
bench_histogram.rb;4;FastLayoutLock;29;3.81525534153673
bench_histogram.rb;4;FastLayoutLock;30;3.9309568546459
bench_histogram.rb;8;FastLayoutLock;1;0.315870836778757
bench_histogram.rb;8;FastLayoutLock;2;0.498341548006135
bench_histogram.rb;8;FastLayoutLock;3;1.09717258755027
bench_histogram.rb;8;FastLayoutLock;4;0.549295331929897
bench_histogram.rb;8;FastLayoutLock;5;7.53366397511974
bench_histogram.rb;8;FastLayoutLock;6;6.70998638113922
bench_histogram.rb;8;FastLayoutLock;7;7.00900048026461
bench_histogram.rb;8;FastLayoutLock;8;6.70194085877736
bench_histogram.rb;8;FastLayoutLock;9;6.74681593575185
bench_histogram.rb;8;FastLayoutLock;10;6.46786646407779
bench_histogram.rb;8;FastLayoutLock;11;6.80027706202184
bench_histogram.rb;8;FastLayoutLock;12;6.79397858396362
bench_histogram.rb;8;FastLayoutLock;13;6.63588673713675
bench_histogram.rb;8;FastLayoutLock;14;6.79450686308635
bench_histogram.rb;8;FastLayoutLock;15;6.88273350065132
bench_histogram.rb;8;FastLayoutLock;16;6.6925318803482
bench_histogram.rb;8;FastLayoutLock;17;7.00251378953015
bench_histogram.rb;8;FastLayoutLock;18;6.73109187573122
bench_histogram.rb;8;FastLayoutLock;19;6.86286444740191
bench_histogram.rb;8;FastLayoutLock;20;6.6829609376574
bench_histogram.rb;8;FastLayoutLock;21;6.43813570628523
bench_histogram.rb;8;FastLayoutLock;22;6.7943269775725
bench_histogram.rb;8;FastLayoutLock;23;6.83568229006669
bench_histogram.rb;8;FastLayoutLock;24;7.13420777183756
bench_histogram.rb;8;FastLayoutLock;25;7.15460069414714
bench_histogram.rb;8;FastLayoutLock;26;6.48859363026697
bench_histogram.rb;8;FastLayoutLock;27;6.62000780177328
bench_histogram.rb;8;FastLayoutLock;28;6.58478335404134
bench_histogram.rb;8;FastLayoutLock;29;6.69482960436227
bench_histogram.rb;8;FastLayoutLock;30;7.39537769223586
bench_histogram.rb;12;FastLayoutLock;1;0.349644865781672
bench_histogram.rb;12;FastLayoutLock;2;0.513116208419764
bench_histogram.rb;12;FastLayoutLock;3;9.0864011584376
bench_histogram.rb;12;FastLayoutLock;4;7.54787932394499
bench_histogram.rb;12;FastLayoutLock;5;10.5112677879783
bench_histogram.rb;12;FastLayoutLock;6;10.3126371080946
bench_histogram.rb;12;FastLayoutLock;7;10.4400427063469
bench_histogram.rb;12;FastLayoutLock;8;10.1083176879547
bench_histogram.rb;12;FastLayoutLock;9;8.24539046335216
bench_histogram.rb;12;FastLayoutLock;10;10.2123575365276
bench_histogram.rb;12;FastLayoutLock;11;10.3199490560185
bench_histogram.rb;12;FastLayoutLock;12;10.3646096567063
bench_histogram.rb;12;FastLayoutLock;13;10.3785802798262
bench_histogram.rb;12;FastLayoutLock;14;8.49246487414645
bench_histogram.rb;12;FastLayoutLock;15;10.1179064184294
bench_histogram.rb;12;FastLayoutLock;16;10.4082266396758
bench_histogram.rb;12;FastLayoutLock;17;10.4295855798476
bench_histogram.rb;12;FastLayoutLock;18;10.4926057079565
bench_histogram.rb;12;FastLayoutLock;19;8.64572664183861
bench_histogram.rb;12;FastLayoutLock;20;10.5426447754496
bench_histogram.rb;12;FastLayoutLock;21;10.4280784689283
bench_histogram.rb;12;FastLayoutLock;22;10.6225581125131
bench_histogram.rb;12;FastLayoutLock;23;10.4149126583497
bench_histogram.rb;12;FastLayoutLock;24;8.09031663513924
bench_histogram.rb;12;FastLayoutLock;25;10.3722210495124
bench_histogram.rb;12;FastLayoutLock;26;10.5913883086419
bench_histogram.rb;12;FastLayoutLock;27;10.5789617897799
bench_histogram.rb;12;FastLayoutLock;28;10.5274384784802
bench_histogram.rb;12;FastLayoutLock;29;8.83854140788784
bench_histogram.rb;12;FastLayoutLock;30;10.5275640934258
bench_histogram.rb;16;FastLayoutLock;1;0.401289720412119
bench_histogram.rb;16;FastLayoutLock;2;0.487330149518326
bench_histogram.rb;16;FastLayoutLock;3;11.9245746337184
bench_histogram.rb;16;FastLayoutLock;4;12.6759096030471
bench_histogram.rb;16;FastLayoutLock;5;12.7790726622593
bench_histogram.rb;16;FastLayoutLock;6;12.706441743441
bench_histogram.rb;16;FastLayoutLock;7;11.4890709454008
bench_histogram.rb;16;FastLayoutLock;8;12.484588017725
bench_histogram.rb;16;FastLayoutLock;9;12.2386016973939
bench_histogram.rb;16;FastLayoutLock;10;12.7853803340552
bench_histogram.rb;16;FastLayoutLock;11;10.9330019925452
bench_histogram.rb;16;FastLayoutLock;12;11.1260026728929
bench_histogram.rb;16;FastLayoutLock;13;11.6110791441295
bench_histogram.rb;16;FastLayoutLock;14;11.1013837676528
bench_histogram.rb;16;FastLayoutLock;15;12.7768543679302
bench_histogram.rb;16;FastLayoutLock;16;12.8456631143896
bench_histogram.rb;16;FastLayoutLock;17;12.7023705507087
bench_histogram.rb;16;FastLayoutLock;18;11.533930859415
bench_histogram.rb;16;FastLayoutLock;19;12.7003745394105
bench_histogram.rb;16;FastLayoutLock;20;12.9178654386691
bench_histogram.rb;16;FastLayoutLock;21;13.480339652157
bench_histogram.rb;16;FastLayoutLock;22;13.8459950500916
bench_histogram.rb;16;FastLayoutLock;23;13.0188619678396
bench_histogram.rb;16;FastLayoutLock;24;10.8705027615691
bench_histogram.rb;16;FastLayoutLock;25;11.8926138248106
bench_histogram.rb;16;FastLayoutLock;26;12.7532692237593
bench_histogram.rb;16;FastLayoutLock;27;12.7072465502477
bench_histogram.rb;16;FastLayoutLock;28;11.7616015678195
bench_histogram.rb;16;FastLayoutLock;29;12.4265488331153
bench_histogram.rb;16;FastLayoutLock;30;10.7532662963349
bench_histogram.rb;18;FastLayoutLock;1;0.415427115184068
bench_histogram.rb;18;FastLayoutLock;2;0.755880063417226
bench_histogram.rb;18;FastLayoutLock;3;3.08132209424917
bench_histogram.rb;18;FastLayoutLock;4;0.914002669657201
bench_histogram.rb;18;FastLayoutLock;5;14.3358772549572
bench_histogram.rb;18;FastLayoutLock;6;14.7128552761968
bench_histogram.rb;18;FastLayoutLock;7;12.8100481649548
bench_histogram.rb;18;FastLayoutLock;8;14.8037627087738
bench_histogram.rb;18;FastLayoutLock;9;14.7401895209503
bench_histogram.rb;18;FastLayoutLock;10;14.7683841581201
bench_histogram.rb;18;FastLayoutLock;11;14.9224944958333
bench_histogram.rb;18;FastLayoutLock;12;14.7548600165025
bench_histogram.rb;18;FastLayoutLock;13;11.9874125125738
bench_histogram.rb;18;FastLayoutLock;14;14.897845359035
bench_histogram.rb;18;FastLayoutLock;15;15.0263034593592
bench_histogram.rb;18;FastLayoutLock;16;14.9323500496592
bench_histogram.rb;18;FastLayoutLock;17;14.950741807502
bench_histogram.rb;18;FastLayoutLock;18;12.9431359559282
bench_histogram.rb;18;FastLayoutLock;19;14.8804179581259
bench_histogram.rb;18;FastLayoutLock;20;15.1910638542539
bench_histogram.rb;18;FastLayoutLock;21;15.3036569968482
bench_histogram.rb;18;FastLayoutLock;22;15.3295080393264
bench_histogram.rb;18;FastLayoutLock;23;13.163746744576
bench_histogram.rb;18;FastLayoutLock;24;15.4025148370561
bench_histogram.rb;18;FastLayoutLock;25;15.3031963464853
bench_histogram.rb;18;FastLayoutLock;26;15.0758280118473
bench_histogram.rb;18;FastLayoutLock;27;15.145653975276
bench_histogram.rb;18;FastLayoutLock;28;15.5335472926083
bench_histogram.rb;18;FastLayoutLock;29;12.6716660816905
bench_histogram.rb;18;FastLayoutLock;30;15.3444721830789
bench_histogram.rb;20;FastLayoutLock;1;0.365983356976186
bench_histogram.rb;20;FastLayoutLock;2;0.818941915708609
bench_histogram.rb;20;FastLayoutLock;3;13.6631553245941
bench_histogram.rb;20;FastLayoutLock;4;15.4193772103819
bench_histogram.rb;20;FastLayoutLock;5;15.5178920236691
bench_histogram.rb;20;FastLayoutLock;6;12.6575145999575
bench_histogram.rb;20;FastLayoutLock;7;15.5942978650775
bench_histogram.rb;20;FastLayoutLock;8;15.6037188213889
bench_histogram.rb;20;FastLayoutLock;9;15.5274476461815
bench_histogram.rb;20;FastLayoutLock;10;15.5055480970313
bench_histogram.rb;20;FastLayoutLock;11;15.3739795573125
bench_histogram.rb;20;FastLayoutLock;12;12.405987164018
bench_histogram.rb;20;FastLayoutLock;13;14.7561739821062
bench_histogram.rb;20;FastLayoutLock;14;14.6376750655412
bench_histogram.rb;20;FastLayoutLock;15;14.6571879656465
bench_histogram.rb;20;FastLayoutLock;16;14.6502699006177
bench_histogram.rb;20;FastLayoutLock;17;13.1283417263864
bench_histogram.rb;20;FastLayoutLock;18;13.8036209870013
bench_histogram.rb;20;FastLayoutLock;19;14.8086447727099
bench_histogram.rb;20;FastLayoutLock;20;14.304275811398
bench_histogram.rb;20;FastLayoutLock;21;14.2815615436643
bench_histogram.rb;20;FastLayoutLock;22;14.511470500973
bench_histogram.rb;20;FastLayoutLock;23;13.660048787514
bench_histogram.rb;20;FastLayoutLock;24;15.838978749748
bench_histogram.rb;20;FastLayoutLock;25;15.7004579845673
bench_histogram.rb;20;FastLayoutLock;26;15.2147640915684
bench_histogram.rb;20;FastLayoutLock;27;16.0675980632243
bench_histogram.rb;20;FastLayoutLock;28;16.0384635681678
bench_histogram.rb;20;FastLayoutLock;29;12.8558371542449
bench_histogram.rb;20;FastLayoutLock;30;15.9308268512982
bench_histogram.rb;24;FastLayoutLock;1;0.347904998419289
bench_histogram.rb;24;FastLayoutLock;2;0.591830164391173
bench_histogram.rb;24;FastLayoutLock;3;3.90777830642925
bench_histogram.rb;24;FastLayoutLock;4;0.483275577700086
bench_histogram.rb;24;FastLayoutLock;5;17.4466423021132
bench_histogram.rb;24;FastLayoutLock;6;13.2852783555809
bench_histogram.rb;24;FastLayoutLock;7;17.5310337416233
bench_histogram.rb;24;FastLayoutLock;8;17.3886636321173
bench_histogram.rb;24;FastLayoutLock;9;17.3587001796863
bench_histogram.rb;24;FastLayoutLock;10;16.662849749672
bench_histogram.rb;24;FastLayoutLock;11;14.1713281815692
bench_histogram.rb;24;FastLayoutLock;12;16.841519288984
bench_histogram.rb;24;FastLayoutLock;13;16.5827564922546
bench_histogram.rb;24;FastLayoutLock;14;17.2623661700255
bench_histogram.rb;24;FastLayoutLock;15;17.0329297779187
bench_histogram.rb;24;FastLayoutLock;16;17.0802905435617
bench_histogram.rb;24;FastLayoutLock;17;14.0383816919334
bench_histogram.rb;24;FastLayoutLock;18;17.5457703635555
bench_histogram.rb;24;FastLayoutLock;19;17.4238719719676
bench_histogram.rb;24;FastLayoutLock;20;17.5853116270331
bench_histogram.rb;24;FastLayoutLock;21;17.4993755833
bench_histogram.rb;24;FastLayoutLock;22;15.1891373422371
bench_histogram.rb;24;FastLayoutLock;23;17.4902594435659
bench_histogram.rb;24;FastLayoutLock;24;17.4619282181217
bench_histogram.rb;24;FastLayoutLock;25;17.3911023478904
bench_histogram.rb;24;FastLayoutLock;26;17.540763517391
bench_histogram.rb;24;FastLayoutLock;27;17.5403938784858
bench_histogram.rb;24;FastLayoutLock;28;14.693385993735
bench_histogram.rb;24;FastLayoutLock;29;17.3168705664744
bench_histogram.rb;24;FastLayoutLock;30;17.5301227188137
bench_histogram.rb;28;FastLayoutLock;1;0.398343695411624
bench_histogram.rb;28;FastLayoutLock;2;0.591947311828123
bench_histogram.rb;28;FastLayoutLock;3;0.546825931953569
bench_histogram.rb;28;FastLayoutLock;4;15.1876834877088
bench_histogram.rb;28;FastLayoutLock;5;20.0921674549281
bench_histogram.rb;28;FastLayoutLock;6;19.2542845166364
bench_histogram.rb;28;FastLayoutLock;7;19.4844472007473
bench_histogram.rb;28;FastLayoutLock;8;19.8951157457083
bench_histogram.rb;28;FastLayoutLock;9;16.9905638555586
bench_histogram.rb;28;FastLayoutLock;10;20.0519572157165
bench_histogram.rb;28;FastLayoutLock;11;20.1798574903118
bench_histogram.rb;28;FastLayoutLock;12;19.9136914844123
bench_histogram.rb;28;FastLayoutLock;13;19.7663370871404
bench_histogram.rb;28;FastLayoutLock;14;16.3768658577976
bench_histogram.rb;28;FastLayoutLock;15;20.0970464799982
bench_histogram.rb;28;FastLayoutLock;16;19.8148838213374
bench_histogram.rb;28;FastLayoutLock;17;20.0801398452365
bench_histogram.rb;28;FastLayoutLock;18;20.1368956252728
bench_histogram.rb;28;FastLayoutLock;19;16.556548765872
bench_histogram.rb;28;FastLayoutLock;20;19.8326161367594
bench_histogram.rb;28;FastLayoutLock;21;19.9929204320209
bench_histogram.rb;28;FastLayoutLock;22;20.0740522516743
bench_histogram.rb;28;FastLayoutLock;23;20.4186068579392
bench_histogram.rb;28;FastLayoutLock;24;16.1953338500998
bench_histogram.rb;28;FastLayoutLock;25;18.7557189919664
bench_histogram.rb;28;FastLayoutLock;26;18.6711419553866
bench_histogram.rb;28;FastLayoutLock;27;19.061902346005
bench_histogram.rb;28;FastLayoutLock;28;19.1454651692526
bench_histogram.rb;28;FastLayoutLock;29;15.9428523049746
bench_histogram.rb;28;FastLayoutLock;30;18.8545538892539
bench_histogram.rb;32;FastLayoutLock;1;0.354798882363544
bench_histogram.rb;32;FastLayoutLock;2;0.636040934052135
bench_histogram.rb;32;FastLayoutLock;3;3.78275339004837
bench_histogram.rb;32;FastLayoutLock;4;0.673682837660779
bench_histogram.rb;32;FastLayoutLock;5;20.8752220299689
bench_histogram.rb;32;FastLayoutLock;6;20.3205576817261
bench_histogram.rb;32;FastLayoutLock;7;20.4628725388408
bench_histogram.rb;32;FastLayoutLock;8;20.5448103088721
bench_histogram.rb;32;FastLayoutLock;9;16.2609023687533
bench_histogram.rb;32;FastLayoutLock;10;19.6799141646791
bench_histogram.rb;32;FastLayoutLock;11;20.4234503281168
bench_histogram.rb;32;FastLayoutLock;12;20.3614731635637
bench_histogram.rb;32;FastLayoutLock;13;20.690742183296
bench_histogram.rb;32;FastLayoutLock;14;16.5231658703812
bench_histogram.rb;32;FastLayoutLock;15;20.9793011900312
bench_histogram.rb;32;FastLayoutLock;16;20.6503549512928
bench_histogram.rb;32;FastLayoutLock;17;21.0889815080582
bench_histogram.rb;32;FastLayoutLock;18;20.950512201242
bench_histogram.rb;32;FastLayoutLock;19;20.2263748209469
bench_histogram.rb;32;FastLayoutLock;20;17.9900398338956
bench_histogram.rb;32;FastLayoutLock;21;21.3016045889372
bench_histogram.rb;32;FastLayoutLock;22;20.510797414873
bench_histogram.rb;32;FastLayoutLock;23;21.580461617779
bench_histogram.rb;32;FastLayoutLock;24;21.277777450806
bench_histogram.rb;32;FastLayoutLock;25;21.4283677787697
bench_histogram.rb;32;FastLayoutLock;26;17.9835277168594
bench_histogram.rb;32;FastLayoutLock;27;21.0258442932095
bench_histogram.rb;32;FastLayoutLock;28;21.6123967920941
bench_histogram.rb;32;FastLayoutLock;29;21.2870029461833
bench_histogram.rb;32;FastLayoutLock;30;21.2417469670165
bench_histogram.rb;36;FastLayoutLock;1;0.346248572881906
bench_histogram.rb;36;FastLayoutLock;2;0.554770260453567
bench_histogram.rb;36;FastLayoutLock;3;0.620397787148497
bench_histogram.rb;36;FastLayoutLock;4;21.0874610851141
bench_histogram.rb;36;FastLayoutLock;5;21.2061926148405
bench_histogram.rb;36;FastLayoutLock;6;18.3741611414994
bench_histogram.rb;36;FastLayoutLock;7;22.6163053861212
bench_histogram.rb;36;FastLayoutLock;8;22.6144986630228
bench_histogram.rb;36;FastLayoutLock;9;20.4090241741624
bench_histogram.rb;36;FastLayoutLock;10;20.0755936975524
bench_histogram.rb;36;FastLayoutLock;11;21.3099473527664
bench_histogram.rb;36;FastLayoutLock;12;17.1317347655716
bench_histogram.rb;36;FastLayoutLock;13;21.4871395863844
bench_histogram.rb;36;FastLayoutLock;14;21.916700391597
bench_histogram.rb;36;FastLayoutLock;15;21.8029539303477
bench_histogram.rb;36;FastLayoutLock;16;22.0265563416523
bench_histogram.rb;36;FastLayoutLock;17;17.0806845185557
bench_histogram.rb;36;FastLayoutLock;18;23.1253530533344
bench_histogram.rb;36;FastLayoutLock;19;22.5889102385081
bench_histogram.rb;36;FastLayoutLock;20;22.5003808906053
bench_histogram.rb;36;FastLayoutLock;21;23.0125527438866
bench_histogram.rb;36;FastLayoutLock;22;19.1798843021272
bench_histogram.rb;36;FastLayoutLock;23;22.7864461981541
bench_histogram.rb;36;FastLayoutLock;24;22.7362533659705
bench_histogram.rb;36;FastLayoutLock;25;23.1220310090169
bench_histogram.rb;36;FastLayoutLock;26;23.2173471392281
bench_histogram.rb;36;FastLayoutLock;27;23.6503686137627
bench_histogram.rb;36;FastLayoutLock;28;17.8412535892763
bench_histogram.rb;36;FastLayoutLock;29;22.3308990890858
bench_histogram.rb;36;FastLayoutLock;30;22.4425999929688
bench_histogram.rb;1;LayoutLock;1;0.189569570371798
bench_histogram.rb;1;LayoutLock;2;0.253550332535676
bench_histogram.rb;1;LayoutLock;3;0.250686856808403
bench_histogram.rb;1;LayoutLock;4;0.82723964058689
bench_histogram.rb;1;LayoutLock;5;0.789173865912763
bench_histogram.rb;1;LayoutLock;6;0.826751394288441
bench_histogram.rb;1;LayoutLock;7;0.815559768709271
bench_histogram.rb;1;LayoutLock;8;0.823066296028628
bench_histogram.rb;1;LayoutLock;9;0.819009101995291
bench_histogram.rb;1;LayoutLock;10;0.806131098961808
bench_histogram.rb;1;LayoutLock;11;0.834548910715345
bench_histogram.rb;1;LayoutLock;12;0.838607868660026
bench_histogram.rb;1;LayoutLock;13;0.823267729092835
bench_histogram.rb;1;LayoutLock;14;0.819786393822942
bench_histogram.rb;1;LayoutLock;15;0.83169336405266
bench_histogram.rb;1;LayoutLock;16;0.828217687665622
bench_histogram.rb;1;LayoutLock;17;0.824744331688561
bench_histogram.rb;1;LayoutLock;18;0.81980742881883
bench_histogram.rb;1;LayoutLock;19;0.80466679569661
bench_histogram.rb;1;LayoutLock;20;0.81252161744885
bench_histogram.rb;1;LayoutLock;21;0.834361923766279
bench_histogram.rb;1;LayoutLock;22;0.836569719840348
bench_histogram.rb;1;LayoutLock;23;0.800921801290554
bench_histogram.rb;1;LayoutLock;24;0.830593192167334
bench_histogram.rb;1;LayoutLock;25;0.837751128599412
bench_histogram.rb;1;LayoutLock;26;0.835175132989284
bench_histogram.rb;1;LayoutLock;27;0.821842070015679
bench_histogram.rb;1;LayoutLock;28;0.801349866310129
bench_histogram.rb;1;LayoutLock;29;0.835857250147724
bench_histogram.rb;1;LayoutLock;30;0.819739266632314
bench_histogram.rb;2;LayoutLock;1;0.226407314561626
bench_histogram.rb;2;LayoutLock;2;0.286340841695386
bench_histogram.rb;2;LayoutLock;3;0.484832815627658
bench_histogram.rb;2;LayoutLock;4;0.366972308800701
bench_histogram.rb;2;LayoutLock;5;0.476006394579618
bench_histogram.rb;2;LayoutLock;6;0.363380289438627
bench_histogram.rb;2;LayoutLock;7;1.37296560814327
bench_histogram.rb;2;LayoutLock;8;1.35970838776028
bench_histogram.rb;2;LayoutLock;9;1.32438832774962
bench_histogram.rb;2;LayoutLock;10;1.34701410964085
bench_histogram.rb;2;LayoutLock;11;1.19558592084714
bench_histogram.rb;2;LayoutLock;12;0.939366537107518
bench_histogram.rb;2;LayoutLock;13;0.945224813369629
bench_histogram.rb;2;LayoutLock;14;0.87822052236076
bench_histogram.rb;2;LayoutLock;15;0.946895576150697
bench_histogram.rb;2;LayoutLock;16;0.969811370690147
bench_histogram.rb;2;LayoutLock;17;0.951180458441272
bench_histogram.rb;2;LayoutLock;18;0.899981685076095
bench_histogram.rb;2;LayoutLock;19;0.940898539298378
bench_histogram.rb;2;LayoutLock;20;0.969250040890928
bench_histogram.rb;2;LayoutLock;21;0.84314687522159
bench_histogram.rb;2;LayoutLock;22;0.895523723838431
bench_histogram.rb;2;LayoutLock;23;1.03397766018668
bench_histogram.rb;2;LayoutLock;24;0.877697285246381
bench_histogram.rb;2;LayoutLock;25;0.944231835281448
bench_histogram.rb;2;LayoutLock;26;1.02973282748047
bench_histogram.rb;2;LayoutLock;27;1.02384216300426
bench_histogram.rb;2;LayoutLock;28;1.0427612151981
bench_histogram.rb;2;LayoutLock;29;0.884207799738616
bench_histogram.rb;2;LayoutLock;30;0.910067300292313
bench_histogram.rb;4;LayoutLock;1;0.313099272908319
bench_histogram.rb;4;LayoutLock;2;0.497265488585622
bench_histogram.rb;4;LayoutLock;3;0.668321984556622
bench_histogram.rb;4;LayoutLock;4;0.541559604540245
bench_histogram.rb;4;LayoutLock;5;2.17238948517852
bench_histogram.rb;4;LayoutLock;6;2.21380886115954
bench_histogram.rb;4;LayoutLock;7;2.14083135282246
bench_histogram.rb;4;LayoutLock;8;2.2141835448264
bench_histogram.rb;4;LayoutLock;9;2.21552212874575
bench_histogram.rb;4;LayoutLock;10;1.48505135713899
bench_histogram.rb;4;LayoutLock;11;1.52386116237418
bench_histogram.rb;4;LayoutLock;12;1.06388502604721
bench_histogram.rb;4;LayoutLock;13;1.20841405661658
bench_histogram.rb;4;LayoutLock;14;1.27128325401586
bench_histogram.rb;4;LayoutLock;15;1.63731408021721
bench_histogram.rb;4;LayoutLock;16;1.21576977557585
bench_histogram.rb;4;LayoutLock;17;1.43716154654788
bench_histogram.rb;4;LayoutLock;18;1.25810111419068
bench_histogram.rb;4;LayoutLock;19;1.2627720771647
bench_histogram.rb;4;LayoutLock;20;1.23591552774011
bench_histogram.rb;4;LayoutLock;21;1.51874565937771
bench_histogram.rb;4;LayoutLock;22;1.12570724885252
bench_histogram.rb;4;LayoutLock;23;1.24639272220623
bench_histogram.rb;4;LayoutLock;24;1.24731849341347
bench_histogram.rb;4;LayoutLock;25;1.27201774672967
bench_histogram.rb;4;LayoutLock;26;1.22734355440671
bench_histogram.rb;4;LayoutLock;27;1.08646083521304
bench_histogram.rb;4;LayoutLock;28;1.25160926733924
bench_histogram.rb;4;LayoutLock;29;1.28234447340585
bench_histogram.rb;4;LayoutLock;30;1.26348954096339
bench_histogram.rb;8;LayoutLock;1;0.292379117403873
bench_histogram.rb;8;LayoutLock;2;0.494943570276022
bench_histogram.rb;8;LayoutLock;3;1.63992935623857
bench_histogram.rb;8;LayoutLock;4;1.76665237116605
bench_histogram.rb;8;LayoutLock;5;1.78873737139301
bench_histogram.rb;8;LayoutLock;6;1.97720394562205
bench_histogram.rb;8;LayoutLock;7;2.07817816837963
bench_histogram.rb;8;LayoutLock;8;2.11447639656765
bench_histogram.rb;8;LayoutLock;9;2.04658696389141
bench_histogram.rb;8;LayoutLock;10;2.12147720150379
bench_histogram.rb;8;LayoutLock;11;2.03870563043575
bench_histogram.rb;8;LayoutLock;12;2.12144203899415
bench_histogram.rb;8;LayoutLock;13;2.09951221668583
bench_histogram.rb;8;LayoutLock;14;2.17170101571781
bench_histogram.rb;8;LayoutLock;15;1.96283355189518
bench_histogram.rb;8;LayoutLock;16;2.07237728009172
bench_histogram.rb;8;LayoutLock;17;2.06576484956958
bench_histogram.rb;8;LayoutLock;18;2.09044692008416
bench_histogram.rb;8;LayoutLock;19;1.98196124106705
bench_histogram.rb;8;LayoutLock;20;1.8479361254926
bench_histogram.rb;8;LayoutLock;21;2.11676565286932
bench_histogram.rb;8;LayoutLock;22;2.086132931769
bench_histogram.rb;8;LayoutLock;23;1.97752991025023
bench_histogram.rb;8;LayoutLock;24;2.06001294793466
bench_histogram.rb;8;LayoutLock;25;2.10520772125607
bench_histogram.rb;8;LayoutLock;26;2.0804266335628
bench_histogram.rb;8;LayoutLock;27;1.92423511734736
bench_histogram.rb;8;LayoutLock;28;2.07334018204728
bench_histogram.rb;8;LayoutLock;29;2.09877025024279
bench_histogram.rb;8;LayoutLock;30;2.08703262691356
bench_histogram.rb;12;LayoutLock;1;0.321470172894077
bench_histogram.rb;12;LayoutLock;2;0.598018877778786
bench_histogram.rb;12;LayoutLock;3;2.50790413083626
bench_histogram.rb;12;LayoutLock;4;2.50628828492461
bench_histogram.rb;12;LayoutLock;5;2.45073833279787
bench_histogram.rb;12;LayoutLock;6;2.26891487389612
bench_histogram.rb;12;LayoutLock;7;2.32726039420114
bench_histogram.rb;12;LayoutLock;8;2.50898040498839
bench_histogram.rb;12;LayoutLock;9;2.53414793949334
bench_histogram.rb;12;LayoutLock;10;2.22603184856269
bench_histogram.rb;12;LayoutLock;11;2.47259356197179
bench_histogram.rb;12;LayoutLock;12;2.46378121450715
bench_histogram.rb;12;LayoutLock;13;2.47761561143189
bench_histogram.rb;12;LayoutLock;14;2.23539319467723
bench_histogram.rb;12;LayoutLock;15;2.524892392911
bench_histogram.rb;12;LayoutLock;16;2.50832932632216
bench_histogram.rb;12;LayoutLock;17;2.47867441712757
bench_histogram.rb;12;LayoutLock;18;2.30437283522509
bench_histogram.rb;12;LayoutLock;19;2.48691107369425
bench_histogram.rb;12;LayoutLock;20;2.48547998503594
bench_histogram.rb;12;LayoutLock;21;2.51542903059036
bench_histogram.rb;12;LayoutLock;22;2.11821746166191
bench_histogram.rb;12;LayoutLock;23;2.51040218990381
bench_histogram.rb;12;LayoutLock;24;2.55021675451798
bench_histogram.rb;12;LayoutLock;25;2.10425132888721
bench_histogram.rb;12;LayoutLock;26;2.49254055914354
bench_histogram.rb;12;LayoutLock;27;2.5326192318745
bench_histogram.rb;12;LayoutLock;28;2.05552580782124
bench_histogram.rb;12;LayoutLock;29;2.52209285960702
bench_histogram.rb;12;LayoutLock;30;2.50366239106193
bench_histogram.rb;16;LayoutLock;1;0.344228838714036
bench_histogram.rb;16;LayoutLock;2;0.50691647534608
bench_histogram.rb;16;LayoutLock;3;2.05737489855364
bench_histogram.rb;16;LayoutLock;4;2.1794736970292
bench_histogram.rb;16;LayoutLock;5;2.37103070097745
bench_histogram.rb;16;LayoutLock;6;2.03037955399803
bench_histogram.rb;16;LayoutLock;7;2.25595411807154
bench_histogram.rb;16;LayoutLock;8;2.13329867101405
bench_histogram.rb;16;LayoutLock;9;2.28254210245005
bench_histogram.rb;16;LayoutLock;10;1.86920499215699
bench_histogram.rb;16;LayoutLock;11;1.99222360971925
bench_histogram.rb;16;LayoutLock;12;2.20658086605248
bench_histogram.rb;16;LayoutLock;13;2.57385314397099
bench_histogram.rb;16;LayoutLock;14;2.02410061941023
bench_histogram.rb;16;LayoutLock;15;2.00845617459702
bench_histogram.rb;16;LayoutLock;16;2.12021972558692
bench_histogram.rb;16;LayoutLock;17;2.54950643530242
bench_histogram.rb;16;LayoutLock;18;2.27061612702544
bench_histogram.rb;16;LayoutLock;19;2.56058399549725
bench_histogram.rb;16;LayoutLock;20;2.53428089513498
bench_histogram.rb;16;LayoutLock;21;2.58454423030955
bench_histogram.rb;16;LayoutLock;22;2.1146952141173
bench_histogram.rb;16;LayoutLock;23;2.56605413346959
bench_histogram.rb;16;LayoutLock;24;2.54655087518985
bench_histogram.rb;16;LayoutLock;25;2.26604056542544
bench_histogram.rb;16;LayoutLock;26;2.57639499798418
bench_histogram.rb;16;LayoutLock;27;2.56549317666204
bench_histogram.rb;16;LayoutLock;28;2.44360818611039
bench_histogram.rb;16;LayoutLock;29;2.0100215805984
bench_histogram.rb;16;LayoutLock;30;2.59416162418006
bench_histogram.rb;18;LayoutLock;1;0.298224958474757
bench_histogram.rb;18;LayoutLock;2;0.534158469447346
bench_histogram.rb;18;LayoutLock;3;1.9389638287286
bench_histogram.rb;18;LayoutLock;4;0.713524595304989
bench_histogram.rb;18;LayoutLock;5;2.54547345208978
bench_histogram.rb;18;LayoutLock;6;2.56187397821309
bench_histogram.rb;18;LayoutLock;7;2.62090549140791
bench_histogram.rb;18;LayoutLock;8;2.37198797371843
bench_histogram.rb;18;LayoutLock;9;2.60594800177359
bench_histogram.rb;18;LayoutLock;10;2.50683300525459
bench_histogram.rb;18;LayoutLock;11;2.52930416763717
bench_histogram.rb;18;LayoutLock;12;2.30869285975259
bench_histogram.rb;18;LayoutLock;13;2.59350751878711
bench_histogram.rb;18;LayoutLock;14;2.61434654254511
bench_histogram.rb;18;LayoutLock;15;2.54876618837879
bench_histogram.rb;18;LayoutLock;16;2.43141445911178
bench_histogram.rb;18;LayoutLock;17;2.5660516927695
bench_histogram.rb;18;LayoutLock;18;2.48923457024756
bench_histogram.rb;18;LayoutLock;19;2.33634107814993
bench_histogram.rb;18;LayoutLock;20;2.48675373263651
bench_histogram.rb;18;LayoutLock;21;2.49875677671489
bench_histogram.rb;18;LayoutLock;22;2.2664701534658
bench_histogram.rb;18;LayoutLock;23;2.56252067409095
bench_histogram.rb;18;LayoutLock;24;2.51504059366157
bench_histogram.rb;18;LayoutLock;25;2.0208405875162
bench_histogram.rb;18;LayoutLock;26;2.54120645027979
bench_histogram.rb;18;LayoutLock;27;2.28431836593144
bench_histogram.rb;18;LayoutLock;28;2.49568672669803
bench_histogram.rb;18;LayoutLock;29;2.55128303640572
bench_histogram.rb;18;LayoutLock;30;2.06626141604414
bench_histogram.rb;20;LayoutLock;1;0.337765243851748
bench_histogram.rb;20;LayoutLock;2;0.562138103759971
bench_histogram.rb;20;LayoutLock;3;2.20208301022198
bench_histogram.rb;20;LayoutLock;4;2.21504220945404
bench_histogram.rb;20;LayoutLock;5;2.54586183385613
bench_histogram.rb;20;LayoutLock;6;2.52312795175467
bench_histogram.rb;20;LayoutLock;7;2.51177655316409
bench_histogram.rb;20;LayoutLock;8;2.51270669126847
bench_histogram.rb;20;LayoutLock;9;2.20483466067957
bench_histogram.rb;20;LayoutLock;10;2.50883942767529
bench_histogram.rb;20;LayoutLock;11;2.54497365085464
bench_histogram.rb;20;LayoutLock;12;2.52944788334189
bench_histogram.rb;20;LayoutLock;13;2.41400864548792
bench_histogram.rb;20;LayoutLock;14;2.5168082206176
bench_histogram.rb;20;LayoutLock;15;2.5063992542505
bench_histogram.rb;20;LayoutLock;16;2.5539192023006
bench_histogram.rb;20;LayoutLock;17;2.45841897845307
bench_histogram.rb;20;LayoutLock;18;2.58825659160996
bench_histogram.rb;20;LayoutLock;19;2.56539526397645
bench_histogram.rb;20;LayoutLock;20;2.20377000548386
bench_histogram.rb;20;LayoutLock;21;2.57797815826638
bench_histogram.rb;20;LayoutLock;22;2.59112378841568
bench_histogram.rb;20;LayoutLock;23;2.29518067256892
bench_histogram.rb;20;LayoutLock;24;2.53547757918016
bench_histogram.rb;20;LayoutLock;25;2.52721688323372
bench_histogram.rb;20;LayoutLock;26;2.60550823315326
bench_histogram.rb;20;LayoutLock;27;2.34259942912004
bench_histogram.rb;20;LayoutLock;28;2.61925076421842
bench_histogram.rb;20;LayoutLock;29;2.55525281961475
bench_histogram.rb;20;LayoutLock;30;2.21984481745242
bench_histogram.rb;24;LayoutLock;1;0.336484864596551
bench_histogram.rb;24;LayoutLock;2;0.567869342298329
bench_histogram.rb;24;LayoutLock;3;2.05189583433023
bench_histogram.rb;24;LayoutLock;4;2.49463646520329
bench_histogram.rb;24;LayoutLock;5;2.60072564564411
bench_histogram.rb;24;LayoutLock;6;2.46234734150069
bench_histogram.rb;24;LayoutLock;7;2.66669961519685
bench_histogram.rb;24;LayoutLock;8;2.64064265539745
bench_histogram.rb;24;LayoutLock;9;2.62547683087386
bench_histogram.rb;24;LayoutLock;10;2.28324482838397
bench_histogram.rb;24;LayoutLock;11;2.66166968823528
bench_histogram.rb;24;LayoutLock;12;2.58684156873155
bench_histogram.rb;24;LayoutLock;13;2.21457539208652
bench_histogram.rb;24;LayoutLock;14;2.64343445241153
bench_histogram.rb;24;LayoutLock;15;2.67825907000868
bench_histogram.rb;24;LayoutLock;16;2.07847744845927
bench_histogram.rb;24;LayoutLock;17;2.19284600960602
bench_histogram.rb;24;LayoutLock;18;2.21430163469436
bench_histogram.rb;24;LayoutLock;19;1.9449282194752
bench_histogram.rb;24;LayoutLock;20;2.1687026817914
bench_histogram.rb;24;LayoutLock;21;2.6339684555253
bench_histogram.rb;24;LayoutLock;22;2.22071196251205
bench_histogram.rb;24;LayoutLock;23;2.26878261300795
bench_histogram.rb;24;LayoutLock;24;2.02314048684854
bench_histogram.rb;24;LayoutLock;25;1.96601190235873
bench_histogram.rb;24;LayoutLock;26;1.8939076784844
bench_histogram.rb;24;LayoutLock;27;2.19960568917763
bench_histogram.rb;24;LayoutLock;28;2.6761917803317
bench_histogram.rb;24;LayoutLock;29;2.34708629264915
bench_histogram.rb;24;LayoutLock;30;2.63412022129879
bench_histogram.rb;28;LayoutLock;1;0.315940765943737
bench_histogram.rb;28;LayoutLock;2;0.647694536348282
bench_histogram.rb;28;LayoutLock;3;2.15953811634112
bench_histogram.rb;28;LayoutLock;4;0.705138421384302
bench_histogram.rb;28;LayoutLock;5;2.02190487885624
bench_histogram.rb;28;LayoutLock;6;2.2148090868297
bench_histogram.rb;28;LayoutLock;7;2.23247401872695
bench_histogram.rb;28;LayoutLock;8;2.1556413363574
bench_histogram.rb;28;LayoutLock;9;2.03687651930093
bench_histogram.rb;28;LayoutLock;10;2.02585282213871
bench_histogram.rb;28;LayoutLock;11;2.25175794219948
bench_histogram.rb;28;LayoutLock;12;2.37753412054259
bench_histogram.rb;28;LayoutLock;13;2.29269662830061
bench_histogram.rb;28;LayoutLock;14;2.5752640444626
bench_histogram.rb;28;LayoutLock;15;2.3991448768097
bench_histogram.rb;28;LayoutLock;16;2.5846813695728
bench_histogram.rb;28;LayoutLock;17;2.52081429971987
bench_histogram.rb;28;LayoutLock;18;2.57389525938243
bench_histogram.rb;28;LayoutLock;19;2.06313336466925
bench_histogram.rb;28;LayoutLock;20;2.56939237199302
bench_histogram.rb;28;LayoutLock;21;2.63595237221637
bench_histogram.rb;28;LayoutLock;22;2.15089066742076
bench_histogram.rb;28;LayoutLock;23;2.54734235095201
bench_histogram.rb;28;LayoutLock;24;2.59959866200525
bench_histogram.rb;28;LayoutLock;25;2.45318466438995
bench_histogram.rb;28;LayoutLock;26;2.62299020898638
bench_histogram.rb;28;LayoutLock;27;2.62875494061881
bench_histogram.rb;28;LayoutLock;28;1.97943439112403
bench_histogram.rb;28;LayoutLock;29;2.63004615182568
bench_histogram.rb;28;LayoutLock;30;2.59673440513867
bench_histogram.rb;32;LayoutLock;1;0.329784739183585
bench_histogram.rb;32;LayoutLock;2;0.435404237871045
bench_histogram.rb;32;LayoutLock;3;0.659865525074412
bench_histogram.rb;32;LayoutLock;4;1.84106575493184
bench_histogram.rb;32;LayoutLock;5;2.03169285996765
bench_histogram.rb;32;LayoutLock;6;1.79008795503053
bench_histogram.rb;32;LayoutLock;7;2.60532768297129
bench_histogram.rb;32;LayoutLock;8;2.71609576500189
bench_histogram.rb;32;LayoutLock;9;2.37140999886783
bench_histogram.rb;32;LayoutLock;10;2.72850089964855
bench_histogram.rb;32;LayoutLock;11;2.73669385041438
bench_histogram.rb;32;LayoutLock;12;2.39264314311352
bench_histogram.rb;32;LayoutLock;13;2.7058596706121
bench_histogram.rb;32;LayoutLock;14;2.71531215977101
bench_histogram.rb;32;LayoutLock;15;2.52866635521895
bench_histogram.rb;32;LayoutLock;16;2.71239664559653
bench_histogram.rb;32;LayoutLock;17;2.69502359244755
bench_histogram.rb;32;LayoutLock;18;2.23940375057716
bench_histogram.rb;32;LayoutLock;19;2.71849130090718
bench_histogram.rb;32;LayoutLock;20;2.38161242006882
bench_histogram.rb;32;LayoutLock;21;2.71863370362364
bench_histogram.rb;32;LayoutLock;22;2.7290789653466
bench_histogram.rb;32;LayoutLock;23;2.46428317424737
bench_histogram.rb;32;LayoutLock;24;2.71486115617724
bench_histogram.rb;32;LayoutLock;25;2.71216194964542
bench_histogram.rb;32;LayoutLock;26;2.31375210470083
bench_histogram.rb;32;LayoutLock;27;2.71945865809478
bench_histogram.rb;32;LayoutLock;28;2.74186285069245
bench_histogram.rb;32;LayoutLock;29;1.94602495265025
bench_histogram.rb;32;LayoutLock;30;1.78812398458348
bench_histogram.rb;36;LayoutLock;1;0.329622452801804
bench_histogram.rb;36;LayoutLock;2;0.385452843422809
bench_histogram.rb;36;LayoutLock;3;0.801864284170971
bench_histogram.rb;36;LayoutLock;4;0.412013218460868
bench_histogram.rb;36;LayoutLock;5;2.02797522610755
bench_histogram.rb;36;LayoutLock;6;1.99168196790888
bench_histogram.rb;36;LayoutLock;7;2.08508173873936
bench_histogram.rb;36;LayoutLock;8;1.79266861521949
bench_histogram.rb;36;LayoutLock;9;1.7501181238896
bench_histogram.rb;36;LayoutLock;10;2.14320008542606
bench_histogram.rb;36;LayoutLock;11;2.00073272374635
bench_histogram.rb;36;LayoutLock;12;2.00751947830354
bench_histogram.rb;36;LayoutLock;13;1.61205931823525
bench_histogram.rb;36;LayoutLock;14;1.85375510594512
bench_histogram.rb;36;LayoutLock;15;1.58708071958733
bench_histogram.rb;36;LayoutLock;16;1.68791325451651
bench_histogram.rb;36;LayoutLock;17;2.0787501122945
bench_histogram.rb;36;LayoutLock;18;1.73357371264268
bench_histogram.rb;36;LayoutLock;19;2.00374249509912
bench_histogram.rb;36;LayoutLock;20;1.96318372525906
bench_histogram.rb;36;LayoutLock;21;2.05918899282103
bench_histogram.rb;36;LayoutLock;22;1.99717259215965
bench_histogram.rb;36;LayoutLock;23;2.07321908685113
bench_histogram.rb;36;LayoutLock;24;2.05467949541961
bench_histogram.rb;36;LayoutLock;25;2.04413362554999
bench_histogram.rb;36;LayoutLock;26;1.8209360030658
bench_histogram.rb;36;LayoutLock;27;2.32424741464551
bench_histogram.rb;36;LayoutLock;28;1.85181258434327
bench_histogram.rb;36;LayoutLock;29;2.1624159605755
bench_histogram.rb;36;LayoutLock;30;2.00089087514436
bench_histogram.rb;1;Synchronized;1;0.218936109012356
bench_histogram.rb;1;Synchronized;2;0.315522718612706
bench_histogram.rb;1;Synchronized;3;0.315449785583968
bench_histogram.rb;1;Synchronized;4;2.14549648486473
bench_histogram.rb;1;Synchronized;5;2.20615972210103
bench_histogram.rb;1;Synchronized;6;2.12606811257718
bench_histogram.rb;1;Synchronized;7;2.12561031859221
bench_histogram.rb;1;Synchronized;8;2.13178102994113
bench_histogram.rb;1;Synchronized;9;2.1324311110625
bench_histogram.rb;1;Synchronized;10;2.18962346393533
bench_histogram.rb;1;Synchronized;11;2.10441359147126
bench_histogram.rb;1;Synchronized;12;2.12397333196517
bench_histogram.rb;1;Synchronized;13;2.14639363204348
bench_histogram.rb;1;Synchronized;14;2.1351722193611
bench_histogram.rb;1;Synchronized;15;2.14716967596696
bench_histogram.rb;1;Synchronized;16;2.11776409452557
bench_histogram.rb;1;Synchronized;17;2.13889379064773
bench_histogram.rb;1;Synchronized;18;2.1237386822137
bench_histogram.rb;1;Synchronized;19;2.12929710424434
bench_histogram.rb;1;Synchronized;20;2.15154096801742
bench_histogram.rb;1;Synchronized;21;2.12274926320221
bench_histogram.rb;1;Synchronized;22;2.1297863755337
bench_histogram.rb;1;Synchronized;23;2.24916630651453
bench_histogram.rb;1;Synchronized;24;2.29298447819313
bench_histogram.rb;1;Synchronized;25;2.26685023729759
bench_histogram.rb;1;Synchronized;26;2.27882639124875
bench_histogram.rb;1;Synchronized;27;2.28559811851664
bench_histogram.rb;1;Synchronized;28;2.22300996702778
bench_histogram.rb;1;Synchronized;29;2.28923654947838
bench_histogram.rb;1;Synchronized;30;2.32434614454495
bench_histogram.rb;2;Synchronized;1;0.284895383881878
bench_histogram.rb;2;Synchronized;2;0.372588242449132
bench_histogram.rb;2;Synchronized;3;3.67932025175823
bench_histogram.rb;2;Synchronized;4;3.4324147247829
bench_histogram.rb;2;Synchronized;5;3.64710811148767
bench_histogram.rb;2;Synchronized;6;3.64702286000885
bench_histogram.rb;2;Synchronized;7;3.57773694045268
bench_histogram.rb;2;Synchronized;8;3.68538574288428
bench_histogram.rb;2;Synchronized;9;3.5004456496523
bench_histogram.rb;2;Synchronized;10;3.53900974427733
bench_histogram.rb;2;Synchronized;11;3.54857993012012
bench_histogram.rb;2;Synchronized;12;3.62147705131188
bench_histogram.rb;2;Synchronized;13;3.61831817659557
bench_histogram.rb;2;Synchronized;14;3.4131342672526
bench_histogram.rb;2;Synchronized;15;3.53610293079086
bench_histogram.rb;2;Synchronized;16;3.64212324549786
bench_histogram.rb;2;Synchronized;17;3.60471554299109
bench_histogram.rb;2;Synchronized;18;3.6266968451574
bench_histogram.rb;2;Synchronized;19;3.61333646322164
bench_histogram.rb;2;Synchronized;20;3.65564782074254
bench_histogram.rb;2;Synchronized;21;3.55520821656379
bench_histogram.rb;2;Synchronized;22;3.57106144617486
bench_histogram.rb;2;Synchronized;23;3.67798181539878
bench_histogram.rb;2;Synchronized;24;3.54785820769238
bench_histogram.rb;2;Synchronized;25;3.63751756904722
bench_histogram.rb;2;Synchronized;26;3.57435845868974
bench_histogram.rb;2;Synchronized;27;3.54610701279665
bench_histogram.rb;2;Synchronized;28;3.59246927056175
bench_histogram.rb;2;Synchronized;29;3.64749325454892
bench_histogram.rb;2;Synchronized;30;3.67529758388051
bench_histogram.rb;4;Synchronized;1;0.293104074460405
bench_histogram.rb;4;Synchronized;2;0.431517865209748
bench_histogram.rb;4;Synchronized;3;4.08559111254132
bench_histogram.rb;4;Synchronized;4;4.63755298080205
bench_histogram.rb;4;Synchronized;5;4.39065636512769
bench_histogram.rb;4;Synchronized;6;4.10462540656744
bench_histogram.rb;4;Synchronized;7;4.0703241059909
bench_histogram.rb;4;Synchronized;8;4.29375606176502
bench_histogram.rb;4;Synchronized;9;4.18697014561685
bench_histogram.rb;4;Synchronized;10;4.50797749106771
bench_histogram.rb;4;Synchronized;11;4.44220966603224
bench_histogram.rb;4;Synchronized;12;4.66751136188503
bench_histogram.rb;4;Synchronized;13;4.73038854965081
bench_histogram.rb;4;Synchronized;14;4.61129737076917
bench_histogram.rb;4;Synchronized;15;4.40988367864221
bench_histogram.rb;4;Synchronized;16;4.79688688851015
bench_histogram.rb;4;Synchronized;17;4.67375549283624
bench_histogram.rb;4;Synchronized;18;4.72634317049062
bench_histogram.rb;4;Synchronized;19;4.60036763290447
bench_histogram.rb;4;Synchronized;20;4.63018270807747
bench_histogram.rb;4;Synchronized;21;4.7648407447854
bench_histogram.rb;4;Synchronized;22;4.799908277357
bench_histogram.rb;4;Synchronized;23;4.66481887892012
bench_histogram.rb;4;Synchronized;24;4.7153360328404
bench_histogram.rb;4;Synchronized;25;4.6966658151585
bench_histogram.rb;4;Synchronized;26;4.38910553374464
bench_histogram.rb;4;Synchronized;27;4.75203089516747
bench_histogram.rb;4;Synchronized;28;4.29647401788038
bench_histogram.rb;4;Synchronized;29;4.7869222650734
bench_histogram.rb;4;Synchronized;30;4.75557063925047
bench_histogram.rb;8;Synchronized;1;0.351605968519351
bench_histogram.rb;8;Synchronized;2;0.471377375953117
bench_histogram.rb;8;Synchronized;3;8.91155777382205
bench_histogram.rb;8;Synchronized;4;8.97818229485291
bench_histogram.rb;8;Synchronized;5;8.96748066510843
bench_histogram.rb;8;Synchronized;6;7.788388535869
bench_histogram.rb;8;Synchronized;7;8.28486185305288
bench_histogram.rb;8;Synchronized;8;9.00161872762745
bench_histogram.rb;8;Synchronized;9;8.8853065634503
bench_histogram.rb;8;Synchronized;10;8.95840295042273
bench_histogram.rb;8;Synchronized;11;8.94375877603902
bench_histogram.rb;8;Synchronized;12;8.15848127257746
bench_histogram.rb;8;Synchronized;13;8.91255703561157
bench_histogram.rb;8;Synchronized;14;8.14505599908025
bench_histogram.rb;8;Synchronized;15;8.92795548611805
bench_histogram.rb;8;Synchronized;16;8.05434361587986
bench_histogram.rb;8;Synchronized;17;8.93949219401344
bench_histogram.rb;8;Synchronized;18;7.94467719001032
bench_histogram.rb;8;Synchronized;19;8.48275786445136
bench_histogram.rb;8;Synchronized;20;8.97067816169834
bench_histogram.rb;8;Synchronized;21;8.77991064611787
bench_histogram.rb;8;Synchronized;22;9.00778437890395
bench_histogram.rb;8;Synchronized;23;8.19300906177738
bench_histogram.rb;8;Synchronized;24;9.0371438741682
bench_histogram.rb;8;Synchronized;25;8.85834784676571
bench_histogram.rb;8;Synchronized;26;8.85189261582809
bench_histogram.rb;8;Synchronized;27;8.93901708242314
bench_histogram.rb;8;Synchronized;28;8.00229865776339
bench_histogram.rb;8;Synchronized;29;7.51770417235304
bench_histogram.rb;8;Synchronized;30;7.95535973058483
bench_histogram.rb;12;Synchronized;1;0.346150361115108
bench_histogram.rb;12;Synchronized;2;0.615107331194805
bench_histogram.rb;12;Synchronized;3;12.398370965779
bench_histogram.rb;12;Synchronized;4;12.4095408258106
bench_histogram.rb;12;Synchronized;5;10.1276675335765
bench_histogram.rb;12;Synchronized;6;12.3664334284856
bench_histogram.rb;12;Synchronized;7;12.3275135124641
bench_histogram.rb;12;Synchronized;8;12.3955221134104
bench_histogram.rb;12;Synchronized;9;12.2201532192971
bench_histogram.rb;12;Synchronized;10;12.3308719634501
bench_histogram.rb;12;Synchronized;11;10.1445283800007
bench_histogram.rb;12;Synchronized;12;12.4854343610165
bench_histogram.rb;12;Synchronized;13;12.4944837554183
bench_histogram.rb;12;Synchronized;14;12.2812630237424
bench_histogram.rb;12;Synchronized;15;12.5284701690916
bench_histogram.rb;12;Synchronized;16;10.7044544078737
bench_histogram.rb;12;Synchronized;17;11.4797216056239
bench_histogram.rb;12;Synchronized;18;11.2631778637214
bench_histogram.rb;12;Synchronized;19;11.36919099535
bench_histogram.rb;12;Synchronized;20;11.4614924066594
bench_histogram.rb;12;Synchronized;21;11.45532091039
bench_histogram.rb;12;Synchronized;22;10.485376628417
bench_histogram.rb;12;Synchronized;23;12.5674093641776
bench_histogram.rb;12;Synchronized;24;12.6343424599223
bench_histogram.rb;12;Synchronized;25;12.6769381875579
bench_histogram.rb;12;Synchronized;26;12.5979000563287
bench_histogram.rb;12;Synchronized;27;9.76157683189941
bench_histogram.rb;12;Synchronized;28;11.9584745144786
bench_histogram.rb;12;Synchronized;29;12.5950754973635
bench_histogram.rb;12;Synchronized;30;12.5378120696863
bench_histogram.rb;16;Synchronized;1;0.347475301445493
bench_histogram.rb;16;Synchronized;2;0.448184246099317
bench_histogram.rb;16;Synchronized;3;0.490697967619017
bench_histogram.rb;16;Synchronized;4;0.517996429780776
bench_histogram.rb;16;Synchronized;5;13.8892056837637
bench_histogram.rb;16;Synchronized;6;15.3385264491493
bench_histogram.rb;16;Synchronized;7;15.4639782408396
bench_histogram.rb;16;Synchronized;8;14.9647158094162
bench_histogram.rb;16;Synchronized;9;12.6785678322418
bench_histogram.rb;16;Synchronized;10;14.9082562044747
bench_histogram.rb;16;Synchronized;11;15.6592573326826
bench_histogram.rb;16;Synchronized;12;15.2027126235013
bench_histogram.rb;16;Synchronized;13;15.2311856826814
bench_histogram.rb;16;Synchronized;14;13.6281508730987
bench_histogram.rb;16;Synchronized;15;15.1089454939533
bench_histogram.rb;16;Synchronized;16;15.6326639163354
bench_histogram.rb;16;Synchronized;17;15.1078817057714
bench_histogram.rb;16;Synchronized;18;15.674753519102
bench_histogram.rb;16;Synchronized;19;13.0855085971014
bench_histogram.rb;16;Synchronized;20;15.5699421482522
bench_histogram.rb;16;Synchronized;21;15.4794135063254
bench_histogram.rb;16;Synchronized;22;15.6415848805243
bench_histogram.rb;16;Synchronized;23;15.808696458482
bench_histogram.rb;16;Synchronized;24;13.8321416667369
bench_histogram.rb;16;Synchronized;25;15.9550331956373
bench_histogram.rb;16;Synchronized;26;15.3018078017597
bench_histogram.rb;16;Synchronized;27;15.4429712724461
bench_histogram.rb;16;Synchronized;28;15.9201046780615
bench_histogram.rb;16;Synchronized;29;13.8996831741316
bench_histogram.rb;16;Synchronized;30;15.4008418053071
bench_histogram.rb;18;Synchronized;1;0.322597587244785
bench_histogram.rb;18;Synchronized;2;0.52791783907295
bench_histogram.rb;18;Synchronized;3;4.60280601880058
bench_histogram.rb;18;Synchronized;4;0.816651981890953
bench_histogram.rb;18;Synchronized;5;16.7081120318291
bench_histogram.rb;18;Synchronized;6;14.658305491897
bench_histogram.rb;18;Synchronized;7;16.8359468854014
bench_histogram.rb;18;Synchronized;8;16.5231602765522
bench_histogram.rb;18;Synchronized;9;16.571090535143
bench_histogram.rb;18;Synchronized;10;16.2579532317317
bench_histogram.rb;18;Synchronized;11;15.1361144788684
bench_histogram.rb;18;Synchronized;12;16.9861265121149
bench_histogram.rb;18;Synchronized;13;16.4466967574709
bench_histogram.rb;18;Synchronized;14;16.5218676950766
bench_histogram.rb;18;Synchronized;15;17.013635619705
bench_histogram.rb;18;Synchronized;16;14.4976105798056
bench_histogram.rb;18;Synchronized;17;17.0904318097004
bench_histogram.rb;18;Synchronized;18;16.9214438111438
bench_histogram.rb;18;Synchronized;19;16.816991601088
bench_histogram.rb;18;Synchronized;20;17.0511287964975
bench_histogram.rb;18;Synchronized;21;15.3226425686958
bench_histogram.rb;18;Synchronized;22;17.058137944743
bench_histogram.rb;18;Synchronized;23;16.9250934504773
bench_histogram.rb;18;Synchronized;24;17.190406490609
bench_histogram.rb;18;Synchronized;25;17.0481451222833
bench_histogram.rb;18;Synchronized;26;14.9389431041967
bench_histogram.rb;18;Synchronized;27;17.3672403105103
bench_histogram.rb;18;Synchronized;28;16.8919195237813
bench_histogram.rb;18;Synchronized;29;17.4526734586677
bench_histogram.rb;18;Synchronized;30;17.3247053841835
bench_histogram.rb;20;Synchronized;1;0.32465083060335
bench_histogram.rb;20;Synchronized;2;0.493814408781382
bench_histogram.rb;20;Synchronized;3;17.8574170146831
bench_histogram.rb;20;Synchronized;4;17.6920287901714
bench_histogram.rb;20;Synchronized;5;18.1315458692934
bench_histogram.rb;20;Synchronized;6;14.0901398150123
bench_histogram.rb;20;Synchronized;7;16.3109261251074
bench_histogram.rb;20;Synchronized;8;18.3174571276118
bench_histogram.rb;20;Synchronized;9;18.3356055256243
bench_histogram.rb;20;Synchronized;10;18.021725092775
bench_histogram.rb;20;Synchronized;11;15.4293758786818
bench_histogram.rb;20;Synchronized;12;18.1626597095637
bench_histogram.rb;20;Synchronized;13;18.1589012609941
bench_histogram.rb;20;Synchronized;14;18.1306001438977
bench_histogram.rb;20;Synchronized;15;18.0635277111009
bench_histogram.rb;20;Synchronized;16;18.2955543347256
bench_histogram.rb;20;Synchronized;17;15.2511495193177
bench_histogram.rb;20;Synchronized;18;18.4947458933471
bench_histogram.rb;20;Synchronized;19;18.2939259546197
bench_histogram.rb;20;Synchronized;20;18.6448577038803
bench_histogram.rb;20;Synchronized;21;18.2535093542064
bench_histogram.rb;20;Synchronized;22;14.5903387456078
bench_histogram.rb;20;Synchronized;23;18.7874417361783
bench_histogram.rb;20;Synchronized;24;18.68097943603
bench_histogram.rb;20;Synchronized;25;18.4978119441354
bench_histogram.rb;20;Synchronized;26;18.5134498500145
bench_histogram.rb;20;Synchronized;27;18.561208581655
bench_histogram.rb;20;Synchronized;28;14.5012621630052
bench_histogram.rb;20;Synchronized;29;19.1052603325282
bench_histogram.rb;20;Synchronized;30;19.0155180736991
bench_histogram.rb;24;Synchronized;1;0.326414811191205
bench_histogram.rb;24;Synchronized;2;0.477048071321724
bench_histogram.rb;24;Synchronized;3;14.5335088349382
bench_histogram.rb;24;Synchronized;4;20.7586529877686
bench_histogram.rb;24;Synchronized;5;21.0244585189023
bench_histogram.rb;24;Synchronized;6;20.6305065907261
bench_histogram.rb;24;Synchronized;7;20.5306613397504
bench_histogram.rb;24;Synchronized;8;16.2650794756841
bench_histogram.rb;24;Synchronized;9;20.1877738413643
bench_histogram.rb;24;Synchronized;10;20.1007838794436
bench_histogram.rb;24;Synchronized;11;20.9287733891178
bench_histogram.rb;24;Synchronized;12;20.758713588335
bench_histogram.rb;24;Synchronized;13;15.4474849130693
bench_histogram.rb;24;Synchronized;14;21.412900094734
bench_histogram.rb;24;Synchronized;15;21.9805410290112
bench_histogram.rb;24;Synchronized;16;21.6108765154472
bench_histogram.rb;24;Synchronized;17;21.3265317780157
bench_histogram.rb;24;Synchronized;18;16.2534343484464
bench_histogram.rb;24;Synchronized;19;21.7976270765151
bench_histogram.rb;24;Synchronized;20;21.949141178503
bench_histogram.rb;24;Synchronized;21;21.4614351014652
bench_histogram.rb;24;Synchronized;22;21.8348818915555
bench_histogram.rb;24;Synchronized;23;17.2598321915208
bench_histogram.rb;24;Synchronized;24;21.3633084735813
bench_histogram.rb;24;Synchronized;25;21.2450445543882
bench_histogram.rb;24;Synchronized;26;21.6004135079866
bench_histogram.rb;24;Synchronized;27;21.4081027140577
bench_histogram.rb;24;Synchronized;28;15.9583900111296
bench_histogram.rb;24;Synchronized;29;21.6127952747981
bench_histogram.rb;24;Synchronized;30;21.7021710623119
bench_histogram.rb;28;Synchronized;1;0.415161602183363
bench_histogram.rb;28;Synchronized;2;0.510635456697438
bench_histogram.rb;28;Synchronized;3;7.30543473100399
bench_histogram.rb;28;Synchronized;4;0.636726636841834
bench_histogram.rb;28;Synchronized;5;19.9349641604211
bench_histogram.rb;28;Synchronized;6;18.8054745846126
bench_histogram.rb;28;Synchronized;7;22.3746229938484
bench_histogram.rb;28;Synchronized;8;23.0098719799193
bench_histogram.rb;28;Synchronized;9;22.6850747846254
bench_histogram.rb;28;Synchronized;10;22.8764939023533
bench_histogram.rb;28;Synchronized;11;18.3370766131029
bench_histogram.rb;28;Synchronized;12;22.4572330817525
bench_histogram.rb;28;Synchronized;13;22.2910403078846
bench_histogram.rb;28;Synchronized;14;22.1773126151009
bench_histogram.rb;28;Synchronized;15;23.0374847350694
bench_histogram.rb;28;Synchronized;16;22.9489405641103
bench_histogram.rb;28;Synchronized;17;19.2407188785117
bench_histogram.rb;28;Synchronized;18;22.4308847526939
bench_histogram.rb;28;Synchronized;19;22.6870471535827
bench_histogram.rb;28;Synchronized;20;22.7107644576611
bench_histogram.rb;28;Synchronized;21;22.7839880275942
bench_histogram.rb;28;Synchronized;22;18.9235662044441
bench_histogram.rb;28;Synchronized;23;22.7432449929902
bench_histogram.rb;28;Synchronized;24;22.7124943530333
bench_histogram.rb;28;Synchronized;25;22.5787755874674
bench_histogram.rb;28;Synchronized;26;22.9264978462166
bench_histogram.rb;28;Synchronized;27;23.3570046422876
bench_histogram.rb;28;Synchronized;28;19.0270185366126
bench_histogram.rb;28;Synchronized;29;22.6047588605961
bench_histogram.rb;28;Synchronized;30;22.8860064012248
bench_histogram.rb;32;Synchronized;1;0.348769460789398
bench_histogram.rb;32;Synchronized;2;0.574191729655391
bench_histogram.rb;32;Synchronized;3;21.2746593804507
bench_histogram.rb;32;Synchronized;4;22.1563823093017
bench_histogram.rb;32;Synchronized;5;22.227954705594
bench_histogram.rb;32;Synchronized;6;23.1600217299278
bench_histogram.rb;32;Synchronized;7;18.7060861853748
bench_histogram.rb;32;Synchronized;8;19.3035763853233
bench_histogram.rb;32;Synchronized;9;23.9455263060475
bench_histogram.rb;32;Synchronized;10;23.1704080120353
bench_histogram.rb;32;Synchronized;11;23.5770936980929
bench_histogram.rb;32;Synchronized;12;18.4957723639276
bench_histogram.rb;32;Synchronized;13;23.1471175814837
bench_histogram.rb;32;Synchronized;14;24.0218469707096
bench_histogram.rb;32;Synchronized;15;20.0041591082662
bench_histogram.rb;32;Synchronized;16;25.7344240897614
bench_histogram.rb;32;Synchronized;17;24.6897943489453
bench_histogram.rb;32;Synchronized;18;19.3391886088205
bench_histogram.rb;32;Synchronized;19;24.6772847099368
bench_histogram.rb;32;Synchronized;20;24.6975995751544
bench_histogram.rb;32;Synchronized;21;24.5474748349031
bench_histogram.rb;32;Synchronized;22;24.9277686778315
bench_histogram.rb;32;Synchronized;23;19.64786088107
bench_histogram.rb;32;Synchronized;24;25.1264951460741
bench_histogram.rb;32;Synchronized;25;24.3047756740968
bench_histogram.rb;32;Synchronized;26;25.2551910720579
bench_histogram.rb;32;Synchronized;27;23.2509475306948
bench_histogram.rb;32;Synchronized;28;24.9302834609325
bench_histogram.rb;32;Synchronized;29;18.9256238382575
bench_histogram.rb;32;Synchronized;30;25.0685476551525
bench_histogram.rb;36;Synchronized;1;0.380863998988523
bench_histogram.rb;36;Synchronized;2;0.952085604996589
bench_histogram.rb;36;Synchronized;3;0.918320068963091
bench_histogram.rb;36;Synchronized;4;0.953795432800247
bench_histogram.rb;36;Synchronized;5;23.7651926638643
bench_histogram.rb;36;Synchronized;6;20.443109928375
bench_histogram.rb;36;Synchronized;7;23.7955250420915
bench_histogram.rb;36;Synchronized;8;25.600730611671
bench_histogram.rb;36;Synchronized;9;24.2000833728802
bench_histogram.rb;36;Synchronized;10;24.2830755817416
bench_histogram.rb;36;Synchronized;11;20.6113713095934
bench_histogram.rb;36;Synchronized;12;24.6800345401294
bench_histogram.rb;36;Synchronized;13;19.8357395030592
bench_histogram.rb;36;Synchronized;14;26.0564999007237
bench_histogram.rb;36;Synchronized;15;24.3132129953534
bench_histogram.rb;36;Synchronized;16;17.8494636833252
bench_histogram.rb;36;Synchronized;17;24.6064964211856
bench_histogram.rb;36;Synchronized;18;25.0905380763235
bench_histogram.rb;36;Synchronized;19;26.5527301422087
bench_histogram.rb;36;Synchronized;20;26.8152153250091
bench_histogram.rb;36;Synchronized;21;27.0482985149282
bench_histogram.rb;36;Synchronized;22;20.8201901557591
bench_histogram.rb;36;Synchronized;23;25.6957209568238
bench_histogram.rb;36;Synchronized;24;25.778259663848
bench_histogram.rb;36;Synchronized;25;27.2479017369867
bench_histogram.rb;36;Synchronized;26;23.9953824822698
bench_histogram.rb;36;Synchronized;27;21.4771478506517
bench_histogram.rb;36;Synchronized;28;27.1919499363457
bench_histogram.rb;36;Synchronized;29;25.3246670385303
bench_histogram.rb;36;Synchronized;30;26.9508159112604
bench_histogram.rb;1;ReentrantLock;1;0.210338992820021
bench_histogram.rb;1;ReentrantLock;2;0.293135784142035
bench_histogram.rb;1;ReentrantLock;3;0.296205519260887
bench_histogram.rb;1;ReentrantLock;4;1.66866951373562
bench_histogram.rb;1;ReentrantLock;5;1.6377534952084
bench_histogram.rb;1;ReentrantLock;6;1.65054962283682
bench_histogram.rb;1;ReentrantLock;7;1.65699816602432
bench_histogram.rb;1;ReentrantLock;8;1.66587517638708
bench_histogram.rb;1;ReentrantLock;9;1.67014618226174
bench_histogram.rb;1;ReentrantLock;10;1.64295225076188
bench_histogram.rb;1;ReentrantLock;11;1.65258760173861
bench_histogram.rb;1;ReentrantLock;12;1.6655539451002
bench_histogram.rb;1;ReentrantLock;13;1.68165485406921
bench_histogram.rb;1;ReentrantLock;14;1.6692088409541
bench_histogram.rb;1;ReentrantLock;15;1.64089803791357
bench_histogram.rb;1;ReentrantLock;16;1.65768188370786
bench_histogram.rb;1;ReentrantLock;17;1.65462806978568
bench_histogram.rb;1;ReentrantLock;18;1.65694764223629
bench_histogram.rb;1;ReentrantLock;19;1.6742777910918
bench_histogram.rb;1;ReentrantLock;20;1.66938864572653
bench_histogram.rb;1;ReentrantLock;21;1.65508593870468
bench_histogram.rb;1;ReentrantLock;22;1.65582974301862
bench_histogram.rb;1;ReentrantLock;23;1.65713276882316
bench_histogram.rb;1;ReentrantLock;24;1.66765214178557
bench_histogram.rb;1;ReentrantLock;25;1.61676969085162
bench_histogram.rb;1;ReentrantLock;26;1.68631131942458
bench_histogram.rb;1;ReentrantLock;27;1.66357221390191
bench_histogram.rb;1;ReentrantLock;28;1.66509211565971
bench_histogram.rb;1;ReentrantLock;29;1.66899857114448
bench_histogram.rb;1;ReentrantLock;30;1.65074014401623
bench_histogram.rb;2;ReentrantLock;1;0.27193611042054
bench_histogram.rb;2;ReentrantLock;2;0.308048407146072
bench_histogram.rb;2;ReentrantLock;3;0.3114965861391
bench_histogram.rb;2;ReentrantLock;4;0.326058766418414
bench_histogram.rb;2;ReentrantLock;5;1.7591385708308
bench_histogram.rb;2;ReentrantLock;6;1.78892018254525
bench_histogram.rb;2;ReentrantLock;7;1.39720606263303
bench_histogram.rb;2;ReentrantLock;8;1.70569377865399
bench_histogram.rb;2;ReentrantLock;9;1.71806950943746
bench_histogram.rb;2;ReentrantLock;10;1.54357950729938
bench_histogram.rb;2;ReentrantLock;11;1.71509919901822
bench_histogram.rb;2;ReentrantLock;12;1.67882306007075
bench_histogram.rb;2;ReentrantLock;13;0.565057272628359
bench_histogram.rb;2;ReentrantLock;14;0.310260103900279
bench_histogram.rb;2;ReentrantLock;15;1.74563049955017
bench_histogram.rb;2;ReentrantLock;16;1.72673579968543
bench_histogram.rb;2;ReentrantLock;17;1.44895286621037
bench_histogram.rb;2;ReentrantLock;18;1.74697166602704
bench_histogram.rb;2;ReentrantLock;19;1.77304861110311
bench_histogram.rb;2;ReentrantLock;20;1.71678112824731
bench_histogram.rb;2;ReentrantLock;21;1.73921727091681
bench_histogram.rb;2;ReentrantLock;22;1.44412441058883
bench_histogram.rb;2;ReentrantLock;23;1.713215946409
bench_histogram.rb;2;ReentrantLock;24;1.72379560762843
bench_histogram.rb;2;ReentrantLock;25;1.58777384453442
bench_histogram.rb;2;ReentrantLock;26;1.56340959271196
bench_histogram.rb;2;ReentrantLock;27;1.74909755408473
bench_histogram.rb;2;ReentrantLock;28;1.61151882051443
bench_histogram.rb;2;ReentrantLock;29;1.55081289154045
bench_histogram.rb;2;ReentrantLock;30;1.55603348669847
bench_histogram.rb;4;ReentrantLock;1;0.274074997109632
bench_histogram.rb;4;ReentrantLock;2;0.397920846614561
bench_histogram.rb;4;ReentrantLock;3;0.591273353936896
bench_histogram.rb;4;ReentrantLock;4;3.11879788986933
bench_histogram.rb;4;ReentrantLock;5;3.21328843427701
bench_histogram.rb;4;ReentrantLock;6;3.29310827252916
bench_histogram.rb;4;ReentrantLock;7;3.26857780316097
bench_histogram.rb;4;ReentrantLock;8;3.16755598401725
bench_histogram.rb;4;ReentrantLock;9;3.20646193047536
bench_histogram.rb;4;ReentrantLock;10;3.03020078428374
bench_histogram.rb;4;ReentrantLock;11;3.26039564685481
bench_histogram.rb;4;ReentrantLock;12;3.23302738629754
bench_histogram.rb;4;ReentrantLock;13;3.16578564183821
bench_histogram.rb;4;ReentrantLock;14;2.95571592796641
bench_histogram.rb;4;ReentrantLock;15;3.19857849352922
bench_histogram.rb;4;ReentrantLock;16;3.20888953475266
bench_histogram.rb;4;ReentrantLock;17;3.20154796104597
bench_histogram.rb;4;ReentrantLock;18;3.15628879435487
bench_histogram.rb;4;ReentrantLock;19;3.13340363805947
bench_histogram.rb;4;ReentrantLock;20;3.23081862219459
bench_histogram.rb;4;ReentrantLock;21;3.26294371156947
bench_histogram.rb;4;ReentrantLock;22;3.18622438609579
bench_histogram.rb;4;ReentrantLock;23;3.16509576498679
bench_histogram.rb;4;ReentrantLock;24;3.16702818206095
bench_histogram.rb;4;ReentrantLock;25;3.18849138004428
bench_histogram.rb;4;ReentrantLock;26;3.23352973167025
bench_histogram.rb;4;ReentrantLock;27;3.13243713957426
bench_histogram.rb;4;ReentrantLock;28;3.17196071605968
bench_histogram.rb;4;ReentrantLock;29;3.18998650516253
bench_histogram.rb;4;ReentrantLock;30;3.24628818019212
bench_histogram.rb;8;ReentrantLock;1;0.375708139831613
bench_histogram.rb;8;ReentrantLock;2;0.747783412757439
bench_histogram.rb;8;ReentrantLock;3;6.05196433406394
bench_histogram.rb;8;ReentrantLock;4;6.02017211179378
bench_histogram.rb;8;ReentrantLock;5;6.01593286639553
bench_histogram.rb;8;ReentrantLock;6;5.75273581839769
bench_histogram.rb;8;ReentrantLock;7;6.06442009015036
bench_histogram.rb;8;ReentrantLock;8;6.01751810231741
bench_histogram.rb;8;ReentrantLock;9;6.0065594870127
bench_histogram.rb;8;ReentrantLock;10;5.99155689320798
bench_histogram.rb;8;ReentrantLock;11;5.97701198359531
bench_histogram.rb;8;ReentrantLock;12;5.78669051370779
bench_histogram.rb;8;ReentrantLock;13;5.99856082605988
bench_histogram.rb;8;ReentrantLock;14;5.96219435254652
bench_histogram.rb;8;ReentrantLock;15;5.91391895638141
bench_histogram.rb;8;ReentrantLock;16;5.98828939891093
bench_histogram.rb;8;ReentrantLock;17;5.87538608215143
bench_histogram.rb;8;ReentrantLock;18;5.961771348562
bench_histogram.rb;8;ReentrantLock;19;5.99771099352461
bench_histogram.rb;8;ReentrantLock;20;5.95191600162033
bench_histogram.rb;8;ReentrantLock;21;5.9107526202793
bench_histogram.rb;8;ReentrantLock;22;5.92634669754789
bench_histogram.rb;8;ReentrantLock;23;5.50942586178416
bench_histogram.rb;8;ReentrantLock;24;6.04699416681805
bench_histogram.rb;8;ReentrantLock;25;5.96062111971366
bench_histogram.rb;8;ReentrantLock;26;5.98286915582553
bench_histogram.rb;8;ReentrantLock;27;5.99842869300537
bench_histogram.rb;8;ReentrantLock;28;5.77810340489719
bench_histogram.rb;8;ReentrantLock;29;5.97678501613068
bench_histogram.rb;8;ReentrantLock;30;6.00637818170134
bench_histogram.rb;12;ReentrantLock;1;0.37168060102629
bench_histogram.rb;12;ReentrantLock;2;0.577119491070804
bench_histogram.rb;12;ReentrantLock;3;8.49470426807809
bench_histogram.rb;12;ReentrantLock;4;8.5814072819096
bench_histogram.rb;12;ReentrantLock;5;7.87662590109745
bench_histogram.rb;12;ReentrantLock;6;8.66311651129644
bench_histogram.rb;12;ReentrantLock;7;8.5685556344015
bench_histogram.rb;12;ReentrantLock;8;8.62445719020186
bench_histogram.rb;12;ReentrantLock;9;8.71405515367348
bench_histogram.rb;12;ReentrantLock;10;8.67947616482913
bench_histogram.rb;12;ReentrantLock;11;8.06783982779661
bench_histogram.rb;12;ReentrantLock;12;8.31459762295092
bench_histogram.rb;12;ReentrantLock;13;8.64415140111994
bench_histogram.rb;12;ReentrantLock;14;8.66206275701968
bench_histogram.rb;12;ReentrantLock;15;8.67686736254097
bench_histogram.rb;12;ReentrantLock;16;8.02989676536544
bench_histogram.rb;12;ReentrantLock;17;8.54688523022193
bench_histogram.rb;12;ReentrantLock;18;8.67090691981272
bench_histogram.rb;12;ReentrantLock;19;8.57988747512753
bench_histogram.rb;12;ReentrantLock;20;8.64823908268994
bench_histogram.rb;12;ReentrantLock;21;8.70012677852405
bench_histogram.rb;12;ReentrantLock;22;7.41073719952338
bench_histogram.rb;12;ReentrantLock;23;8.71763461861704
bench_histogram.rb;12;ReentrantLock;24;8.16795329424147
bench_histogram.rb;12;ReentrantLock;25;8.57101267587193
bench_histogram.rb;12;ReentrantLock;26;8.66825071156688
bench_histogram.rb;12;ReentrantLock;27;8.02822799542589
bench_histogram.rb;12;ReentrantLock;28;8.73271752763161
bench_histogram.rb;12;ReentrantLock;29;8.61495600806913
bench_histogram.rb;12;ReentrantLock;30;8.53028015909572
bench_histogram.rb;16;ReentrantLock;1;0.343185459874712
bench_histogram.rb;16;ReentrantLock;2;0.38259305740158
bench_histogram.rb;16;ReentrantLock;3;0.60022162279602
bench_histogram.rb;16;ReentrantLock;4;0.407175439129437
bench_histogram.rb;16;ReentrantLock;5;9.54474117158277
bench_histogram.rb;16;ReentrantLock;6;10.510052590697
bench_histogram.rb;16;ReentrantLock;7;10.7040632016168
bench_histogram.rb;16;ReentrantLock;8;10.5692266484977
bench_histogram.rb;16;ReentrantLock;9;10.5435306195544
bench_histogram.rb;16;ReentrantLock;10;8.72808495505841
bench_histogram.rb;16;ReentrantLock;11;10.4916700684039
bench_histogram.rb;16;ReentrantLock;12;10.6464000368053
bench_histogram.rb;16;ReentrantLock;13;10.7153360754158
bench_histogram.rb;16;ReentrantLock;14;9.53292522543798
bench_histogram.rb;16;ReentrantLock;15;10.3952047724262
bench_histogram.rb;16;ReentrantLock;16;10.8047623790514
bench_histogram.rb;16;ReentrantLock;17;10.5296509579716
bench_histogram.rb;16;ReentrantLock;18;9.42425639593276
bench_histogram.rb;16;ReentrantLock;19;10.4367137644113
bench_histogram.rb;16;ReentrantLock;20;10.7860244886157
bench_histogram.rb;16;ReentrantLock;21;10.6067558421987
bench_histogram.rb;16;ReentrantLock;22;10.3980449764118
bench_histogram.rb;16;ReentrantLock;23;9.63192182869172
bench_histogram.rb;16;ReentrantLock;24;10.6091522105842
bench_histogram.rb;16;ReentrantLock;25;10.4386763706184
bench_histogram.rb;16;ReentrantLock;26;10.8836988530425
bench_histogram.rb;16;ReentrantLock;27;9.29644725478606
bench_histogram.rb;16;ReentrantLock;28;10.3761933764158
bench_histogram.rb;16;ReentrantLock;29;10.590949956214
bench_histogram.rb;16;ReentrantLock;30;10.4587638265545
bench_histogram.rb;18;ReentrantLock;1;0.304321275440807
bench_histogram.rb;18;ReentrantLock;2;0.575200777603447
bench_histogram.rb;18;ReentrantLock;3;1.06879688238569
bench_histogram.rb;18;ReentrantLock;4;1.01326674518547
bench_histogram.rb;18;ReentrantLock;5;12.1173362512214
bench_histogram.rb;18;ReentrantLock;6;11.2294661595068
bench_histogram.rb;18;ReentrantLock;7;11.9021055641833
bench_histogram.rb;18;ReentrantLock;8;11.7261120624274
bench_histogram.rb;18;ReentrantLock;9;11.8728526172301
bench_histogram.rb;18;ReentrantLock;10;11.746671203241
bench_histogram.rb;18;ReentrantLock;11;11.1675189268916
bench_histogram.rb;18;ReentrantLock;12;12.1827813480611
bench_histogram.rb;18;ReentrantLock;13;12.0088179786197
bench_histogram.rb;18;ReentrantLock;14;11.7780495522086
bench_histogram.rb;18;ReentrantLock;15;12.0855569173398
bench_histogram.rb;18;ReentrantLock;16;11.953505491396
bench_histogram.rb;18;ReentrantLock;17;10.8269561932925
bench_histogram.rb;18;ReentrantLock;18;11.8956754118467
bench_histogram.rb;18;ReentrantLock;19;12.0803794007188
bench_histogram.rb;18;ReentrantLock;20;11.4928975386067
bench_histogram.rb;18;ReentrantLock;21;11.9237117831855
bench_histogram.rb;18;ReentrantLock;22;10.6825089688243
bench_histogram.rb;18;ReentrantLock;23;11.4528269797401
bench_histogram.rb;18;ReentrantLock;24;11.8429935450865
bench_histogram.rb;18;ReentrantLock;25;12.1500117789533
bench_histogram.rb;18;ReentrantLock;26;11.9954627926678
bench_histogram.rb;18;ReentrantLock;27;12.1114680441657
bench_histogram.rb;18;ReentrantLock;28;9.84176127539418
bench_histogram.rb;18;ReentrantLock;29;12.1428482540549
bench_histogram.rb;18;ReentrantLock;30;12.2075926631554
bench_histogram.rb;20;ReentrantLock;1;0.350670854357262
bench_histogram.rb;20;ReentrantLock;2;0.517829679314586
bench_histogram.rb;20;ReentrantLock;3;0.672027764779874
bench_histogram.rb;20;ReentrantLock;4;0.632745611594826
bench_histogram.rb;20;ReentrantLock;5;12.828884767923
bench_histogram.rb;20;ReentrantLock;6;11.7668060886274
bench_histogram.rb;20;ReentrantLock;7;12.8607021619559
bench_histogram.rb;20;ReentrantLock;8;13.0275463817851
bench_histogram.rb;20;ReentrantLock;9;12.0003786504536
bench_histogram.rb;20;ReentrantLock;10;12.2877974095901
bench_histogram.rb;20;ReentrantLock;11;11.376413526833
bench_histogram.rb;20;ReentrantLock;12;12.9160528242014
bench_histogram.rb;20;ReentrantLock;13;13.0890514038969
bench_histogram.rb;20;ReentrantLock;14;12.9567589328468
bench_histogram.rb;20;ReentrantLock;15;12.7027212884726
bench_histogram.rb;20;ReentrantLock;16;13.0400562853799
bench_histogram.rb;20;ReentrantLock;17;10.6779624906153
bench_histogram.rb;20;ReentrantLock;18;12.9885818397691
bench_histogram.rb;20;ReentrantLock;19;13.0999878106659
bench_histogram.rb;20;ReentrantLock;20;13.0360754144192
bench_histogram.rb;20;ReentrantLock;21;12.945127852602
bench_histogram.rb;20;ReentrantLock;22;11.7615045560445
bench_histogram.rb;20;ReentrantLock;23;13.0870591565417
bench_histogram.rb;20;ReentrantLock;24;12.9206059151496
bench_histogram.rb;20;ReentrantLock;25;13.2354616729975
bench_histogram.rb;20;ReentrantLock;26;13.0942577520029
bench_histogram.rb;20;ReentrantLock;27;11.7122526901518
bench_histogram.rb;20;ReentrantLock;28;12.6156529210831
bench_histogram.rb;20;ReentrantLock;29;13.1153404125808
bench_histogram.rb;20;ReentrantLock;30;13.1890177949733
bench_histogram.rb;24;ReentrantLock;1;0.365522838608845
bench_histogram.rb;24;ReentrantLock;2;0.947741572229403
bench_histogram.rb;24;ReentrantLock;3;4.81446031239873
bench_histogram.rb;24;ReentrantLock;4;0.903470348969529
bench_histogram.rb;24;ReentrantLock;5;15.6432055646792
bench_histogram.rb;24;ReentrantLock;6;13.3881027257524
bench_histogram.rb;24;ReentrantLock;7;15.2308881785421
bench_histogram.rb;24;ReentrantLock;8;15.1798913025269
bench_histogram.rb;24;ReentrantLock;9;15.2635174704459
bench_histogram.rb;24;ReentrantLock;10;15.7556175715733
bench_histogram.rb;24;ReentrantLock;11;15.4393486720794
bench_histogram.rb;24;ReentrantLock;12;13.063968502377
bench_histogram.rb;24;ReentrantLock;13;14.8052640211985
bench_histogram.rb;24;ReentrantLock;14;14.7599212856855
bench_histogram.rb;24;ReentrantLock;15;15.4344763648536
bench_histogram.rb;24;ReentrantLock;16;15.5718510765419
bench_histogram.rb;24;ReentrantLock;17;13.6902923109722
bench_histogram.rb;24;ReentrantLock;18;15.3725314801419
bench_histogram.rb;24;ReentrantLock;19;15.675064725919
bench_histogram.rb;24;ReentrantLock;20;15.5856257501842
bench_histogram.rb;24;ReentrantLock;21;15.96905244714
bench_histogram.rb;24;ReentrantLock;22;14.7236113235395
bench_histogram.rb;24;ReentrantLock;23;13.4440251824316
bench_histogram.rb;24;ReentrantLock;24;15.5983527026279
bench_histogram.rb;24;ReentrantLock;25;15.3926158146007
bench_histogram.rb;24;ReentrantLock;26;15.7002435643572
bench_histogram.rb;24;ReentrantLock;27;15.7683303812493
bench_histogram.rb;24;ReentrantLock;28;13.7453838073217
bench_histogram.rb;24;ReentrantLock;29;14.0767674278099
bench_histogram.rb;24;ReentrantLock;30;13.9827371426467
bench_histogram.rb;28;ReentrantLock;1;0.326154714901335
bench_histogram.rb;28;ReentrantLock;2;0.644892651489969
bench_histogram.rb;28;ReentrantLock;3;4.73136853630815
bench_histogram.rb;28;ReentrantLock;4;0.785997988835619
bench_histogram.rb;28;ReentrantLock;5;16.0762216490584
bench_histogram.rb;28;ReentrantLock;6;15.7735636175104
bench_histogram.rb;28;ReentrantLock;7;15.306838466085
bench_histogram.rb;28;ReentrantLock;8;11.6822384320642
bench_histogram.rb;28;ReentrantLock;9;15.289096903511
bench_histogram.rb;28;ReentrantLock;10;14.4165487208339
bench_histogram.rb;28;ReentrantLock;11;14.7424270578972
bench_histogram.rb;28;ReentrantLock;12;15.0050749191802
bench_histogram.rb;28;ReentrantLock;13;15.1856946908922
bench_histogram.rb;28;ReentrantLock;14;12.9975578567921
bench_histogram.rb;28;ReentrantLock;15;13.9647678352512
bench_histogram.rb;28;ReentrantLock;16;13.8574102857651
bench_histogram.rb;28;ReentrantLock;17;15.9453382366494
bench_histogram.rb;28;ReentrantLock;18;15.4340160138676
bench_histogram.rb;28;ReentrantLock;19;13.8812725940844
bench_histogram.rb;28;ReentrantLock;20;15.4102796497294
bench_histogram.rb;28;ReentrantLock;21;15.6008973689967
bench_histogram.rb;28;ReentrantLock;22;16.1350389295058
bench_histogram.rb;28;ReentrantLock;23;14.9041487497423
bench_histogram.rb;28;ReentrantLock;24;14.3424543889781
bench_histogram.rb;28;ReentrantLock;25;14.3851300337905
bench_histogram.rb;28;ReentrantLock;26;14.3353053656906
bench_histogram.rb;28;ReentrantLock;27;14.027060630088
bench_histogram.rb;28;ReentrantLock;28;14.3818924815327
bench_histogram.rb;28;ReentrantLock;29;14.0892640106086
bench_histogram.rb;28;ReentrantLock;30;12.8150671534921
bench_histogram.rb;32;ReentrantLock;1;0.384006375151615
bench_histogram.rb;32;ReentrantLock;2;0.34976615530119
bench_histogram.rb;32;ReentrantLock;3;3.37029442344123
bench_histogram.rb;32;ReentrantLock;4;0.304956290438984
bench_histogram.rb;32;ReentrantLock;5;16.5038391872724
bench_histogram.rb;32;ReentrantLock;6;16.7184912545626
bench_histogram.rb;32;ReentrantLock;7;14.5011111683432
bench_histogram.rb;32;ReentrantLock;8;16.4150720662695
bench_histogram.rb;32;ReentrantLock;9;16.4884904239416
bench_histogram.rb;32;ReentrantLock;10;17.3492901375834
bench_histogram.rb;32;ReentrantLock;11;16.476610791439
bench_histogram.rb;32;ReentrantLock;12;14.6581115883742
bench_histogram.rb;32;ReentrantLock;13;16.3444387568493
bench_histogram.rb;32;ReentrantLock;14;16.4669190381485
bench_histogram.rb;32;ReentrantLock;15;17.2969922383556
bench_histogram.rb;32;ReentrantLock;16;18.043625929487
bench_histogram.rb;32;ReentrantLock;17;17.7045881358751
bench_histogram.rb;32;ReentrantLock;18;16.3895050991172
bench_histogram.rb;32;ReentrantLock;19;17.424503639254
bench_histogram.rb;32;ReentrantLock;20;17.558139206697
bench_histogram.rb;32;ReentrantLock;21;17.5404657992536
bench_histogram.rb;32;ReentrantLock;22;17.6505744202295
bench_histogram.rb;32;ReentrantLock;23;16.6524020832853
bench_histogram.rb;32;ReentrantLock;24;17.6355132849682
bench_histogram.rb;32;ReentrantLock;25;17.7467952431979
bench_histogram.rb;32;ReentrantLock;26;18.2002676252141
bench_histogram.rb;32;ReentrantLock;27;17.4823001089113
bench_histogram.rb;32;ReentrantLock;28;18.0608135392458
bench_histogram.rb;32;ReentrantLock;29;16.1018602060268
bench_histogram.rb;32;ReentrantLock;30;17.9135027898814
bench_histogram.rb;36;ReentrantLock;1;0.345354042211286
bench_histogram.rb;36;ReentrantLock;2;0.995963453447793
bench_histogram.rb;36;ReentrantLock;3;0.553175563133328
bench_histogram.rb;36;ReentrantLock;4;0.553151583028647
bench_histogram.rb;36;ReentrantLock;5;17.6954955387895
bench_histogram.rb;36;ReentrantLock;6;15.9948303718751
bench_histogram.rb;36;ReentrantLock;7;17.3456690801737
bench_histogram.rb;36;ReentrantLock;8;19.162797786568
bench_histogram.rb;36;ReentrantLock;9;14.4777675955093
bench_histogram.rb;36;ReentrantLock;10;18.9239664223625
bench_histogram.rb;36;ReentrantLock;11;17.1211548543272
bench_histogram.rb;36;ReentrantLock;12;18.8087898317585
bench_histogram.rb;36;ReentrantLock;13;13.322847658495
bench_histogram.rb;36;ReentrantLock;14;15.8408577033722
bench_histogram.rb;36;ReentrantLock;15;15.1335088528354
bench_histogram.rb;36;ReentrantLock;16;18.8871244080919
bench_histogram.rb;36;ReentrantLock;17;19.1891606714268
bench_histogram.rb;36;ReentrantLock;18;15.6461681918111
bench_histogram.rb;36;ReentrantLock;19;18.3433703838354
bench_histogram.rb;36;ReentrantLock;20;19.1533825434377
bench_histogram.rb;36;ReentrantLock;21;19.2042771519426
bench_histogram.rb;36;ReentrantLock;22;19.2106108718411
bench_histogram.rb;36;ReentrantLock;23;14.1563750607427
bench_histogram.rb;36;ReentrantLock;24;18.8718066682707
bench_histogram.rb;36;ReentrantLock;25;19.3716400818387
bench_histogram.rb;36;ReentrantLock;26;19.7352579579139
bench_histogram.rb;36;ReentrantLock;27;19.1868073956517
bench_histogram.rb;36;ReentrantLock;28;13.9262772610818
bench_histogram.rb;36;ReentrantLock;29;18.2836025886407
bench_histogram.rb;36;ReentrantLock;30;17.9760352638674
bench_histogram.rb;1;StampedLock;1;0.211472362728216
bench_histogram.rb;1;StampedLock;2;0.300661640722582
bench_histogram.rb;1;StampedLock;3;0.301808049140831
bench_histogram.rb;1;StampedLock;4;1.78630341217427
bench_histogram.rb;1;StampedLock;5;1.78547421269969
bench_histogram.rb;1;StampedLock;6;1.74520770482521
bench_histogram.rb;1;StampedLock;7;1.78851275226631
bench_histogram.rb;1;StampedLock;8;1.75097003622514
bench_histogram.rb;1;StampedLock;9;1.75523143253707
bench_histogram.rb;1;StampedLock;10;1.7603960939898
bench_histogram.rb;1;StampedLock;11;1.74036843800146
bench_histogram.rb;1;StampedLock;12;1.74602042165913
bench_histogram.rb;1;StampedLock;13;1.75326092073559
bench_histogram.rb;1;StampedLock;14;1.73969861035738
bench_histogram.rb;1;StampedLock;15;1.78458972279005
bench_histogram.rb;1;StampedLock;16;1.74335042442946
bench_histogram.rb;1;StampedLock;17;1.7449426755924
bench_histogram.rb;1;StampedLock;18;1.75047257780399
bench_histogram.rb;1;StampedLock;19;1.72594463051274
bench_histogram.rb;1;StampedLock;20;1.78573781688706
bench_histogram.rb;1;StampedLock;21;1.78446213883211
bench_histogram.rb;1;StampedLock;22;1.76628010825643
bench_histogram.rb;1;StampedLock;23;1.77120840389931
bench_histogram.rb;1;StampedLock;24;1.7527541858578
bench_histogram.rb;1;StampedLock;25;1.79142903384661
bench_histogram.rb;1;StampedLock;26;1.74874170012368
bench_histogram.rb;1;StampedLock;27;1.72236830369304
bench_histogram.rb;1;StampedLock;28;1.76003535997382
bench_histogram.rb;1;StampedLock;29;1.75743876709773
bench_histogram.rb;1;StampedLock;30;1.8043939335846
bench_histogram.rb;2;StampedLock;1;0.256557705259877
bench_histogram.rb;2;StampedLock;2;0.35845441364089
bench_histogram.rb;2;StampedLock;3;3.25759267962701
bench_histogram.rb;2;StampedLock;4;0.462464784287561
bench_histogram.rb;2;StampedLock;5;0.39600743981403
bench_histogram.rb;2;StampedLock;6;3.16216220164099
bench_histogram.rb;2;StampedLock;7;3.19497504899641
bench_histogram.rb;2;StampedLock;8;3.14189529275278
bench_histogram.rb;2;StampedLock;9;3.2106905893558
bench_histogram.rb;2;StampedLock;10;3.2146763404786
bench_histogram.rb;2;StampedLock;11;3.07450361979422
bench_histogram.rb;2;StampedLock;12;3.20932090369151
bench_histogram.rb;2;StampedLock;13;3.21583431550428
bench_histogram.rb;2;StampedLock;14;3.20898275034088
bench_histogram.rb;2;StampedLock;15;3.14639749439185
bench_histogram.rb;2;StampedLock;16;3.14808653167287
bench_histogram.rb;2;StampedLock;17;3.15588229475476
bench_histogram.rb;2;StampedLock;18;3.20435963587943
bench_histogram.rb;2;StampedLock;19;3.19180936746867
bench_histogram.rb;2;StampedLock;20;3.21421626273801
bench_histogram.rb;2;StampedLock;21;3.14182413623772
bench_histogram.rb;2;StampedLock;22;3.1802440991806
bench_histogram.rb;2;StampedLock;23;3.1716280005273
bench_histogram.rb;2;StampedLock;24;3.20658820490484
bench_histogram.rb;2;StampedLock;25;3.17382165265455
bench_histogram.rb;2;StampedLock;26;1.80037161529215
bench_histogram.rb;2;StampedLock;27;1.86266271180911
bench_histogram.rb;2;StampedLock;28;1.85560736143528
bench_histogram.rb;2;StampedLock;29;1.83308655831155
bench_histogram.rb;2;StampedLock;30;1.77592756389906
bench_histogram.rb;4;StampedLock;1;0.270101216117
bench_histogram.rb;4;StampedLock;2;0.416550168739697
bench_histogram.rb;4;StampedLock;3;0.504641578422555
bench_histogram.rb;4;StampedLock;4;0.572442663699556
bench_histogram.rb;4;StampedLock;5;3.77101313725269
bench_histogram.rb;4;StampedLock;6;3.90308475341451
bench_histogram.rb;4;StampedLock;7;3.64396659944816
bench_histogram.rb;4;StampedLock;8;3.91520695792068
bench_histogram.rb;4;StampedLock;9;4.02044466063379
bench_histogram.rb;4;StampedLock;10;3.96788920515059
bench_histogram.rb;4;StampedLock;11;3.91840198456903
bench_histogram.rb;4;StampedLock;12;3.88462924707624
bench_histogram.rb;4;StampedLock;13;3.82375274031616
bench_histogram.rb;4;StampedLock;14;4.0483596845381
bench_histogram.rb;4;StampedLock;15;3.82221305240076
bench_histogram.rb;4;StampedLock;16;3.85189303787534
bench_histogram.rb;4;StampedLock;17;3.79233925249918
bench_histogram.rb;4;StampedLock;18;3.82003075657812
bench_histogram.rb;4;StampedLock;19;3.89162346850176
bench_histogram.rb;4;StampedLock;20;3.89293197188529
bench_histogram.rb;4;StampedLock;21;3.81911267054686
bench_histogram.rb;4;StampedLock;22;3.83753804186235
bench_histogram.rb;4;StampedLock;23;3.80924630726989
bench_histogram.rb;4;StampedLock;24;3.71703324353605
bench_histogram.rb;4;StampedLock;25;3.98332715503303
bench_histogram.rb;4;StampedLock;26;3.90074142297355
bench_histogram.rb;4;StampedLock;27;3.83797802447303
bench_histogram.rb;4;StampedLock;28;3.80338071847516
bench_histogram.rb;4;StampedLock;29;3.74619753344987
bench_histogram.rb;4;StampedLock;30;3.24595469343713
bench_histogram.rb;8;StampedLock;1;0.326965056499194
bench_histogram.rb;8;StampedLock;2;0.572835006875302
bench_histogram.rb;8;StampedLock;3;7.24092564166537
bench_histogram.rb;8;StampedLock;4;7.25764567278803
bench_histogram.rb;8;StampedLock;5;5.9107560367307
bench_histogram.rb;8;StampedLock;6;7.66836513231278
bench_histogram.rb;8;StampedLock;7;7.64770388469065
bench_histogram.rb;8;StampedLock;8;7.74630183864663
bench_histogram.rb;8;StampedLock;9;7.49630344077747
bench_histogram.rb;8;StampedLock;10;6.89851581165034
bench_histogram.rb;8;StampedLock;11;7.57880916213469
bench_histogram.rb;8;StampedLock;12;7.65667246346254
bench_histogram.rb;8;StampedLock;13;7.4962990446176
bench_histogram.rb;8;StampedLock;14;7.62202811932572
bench_histogram.rb;8;StampedLock;15;7.6374457037492
bench_histogram.rb;8;StampedLock;16;6.78477913270015
bench_histogram.rb;8;StampedLock;17;7.40281262967301
bench_histogram.rb;8;StampedLock;18;7.66441770892775
bench_histogram.rb;8;StampedLock;19;7.66990051182895
bench_histogram.rb;8;StampedLock;20;7.50459586347999
bench_histogram.rb;8;StampedLock;21;6.79192102196054
bench_histogram.rb;8;StampedLock;22;7.64902306360969
bench_histogram.rb;8;StampedLock;23;7.67645230486101
bench_histogram.rb;8;StampedLock;24;7.56120537974617
bench_histogram.rb;8;StampedLock;25;7.68860716965303
bench_histogram.rb;8;StampedLock;26;7.64820373969845
bench_histogram.rb;8;StampedLock;27;6.57647049499399
bench_histogram.rb;8;StampedLock;28;7.67699582891609
bench_histogram.rb;8;StampedLock;29;7.67711856195331
bench_histogram.rb;8;StampedLock;30;7.70564887533198
bench_histogram.rb;12;StampedLock;1;0.315234571628373
bench_histogram.rb;12;StampedLock;2;0.636433386653136
bench_histogram.rb;12;StampedLock;3;10.2716271677543
bench_histogram.rb;12;StampedLock;4;10.8090573211166
bench_histogram.rb;12;StampedLock;5;10.8100942876943
bench_histogram.rb;12;StampedLock;6;9.24002608929937
bench_histogram.rb;12;StampedLock;7;10.7501680468052
bench_histogram.rb;12;StampedLock;8;10.8606666051283
bench_histogram.rb;12;StampedLock;9;10.8314235147995
bench_histogram.rb;12;StampedLock;10;10.8951436390653
bench_histogram.rb;12;StampedLock;11;10.8733570586812
bench_histogram.rb;12;StampedLock;12;9.29531186088834
bench_histogram.rb;12;StampedLock;13;10.7365578122569
bench_histogram.rb;12;StampedLock;14;10.8664172828103
bench_histogram.rb;12;StampedLock;15;10.916348545666
bench_histogram.rb;12;StampedLock;16;10.7032129121753
bench_histogram.rb;12;StampedLock;17;10.5640705055419
bench_histogram.rb;12;StampedLock;18;8.92692464027795
bench_histogram.rb;12;StampedLock;19;10.4001661249709
bench_histogram.rb;12;StampedLock;20;10.4237932973086
bench_histogram.rb;12;StampedLock;21;9.94862969380271
bench_histogram.rb;12;StampedLock;22;10.2949318759875
bench_histogram.rb;12;StampedLock;23;9.30588477260435
bench_histogram.rb;12;StampedLock;24;10.3074228620198
bench_histogram.rb;12;StampedLock;25;10.3398029776587
bench_histogram.rb;12;StampedLock;26;10.6656634956402
bench_histogram.rb;12;StampedLock;27;10.5613263934833
bench_histogram.rb;12;StampedLock;28;10.2503462829613
bench_histogram.rb;12;StampedLock;29;9.11102385769144
bench_histogram.rb;12;StampedLock;30;10.5093658419783
bench_histogram.rb;16;StampedLock;1;0.364272030842156
bench_histogram.rb;16;StampedLock;2;0.544709215514402
bench_histogram.rb;16;StampedLock;3;12.4804077783306
bench_histogram.rb;16;StampedLock;4;13.5038104742024
bench_histogram.rb;16;StampedLock;5;13.5553911712961
bench_histogram.rb;16;StampedLock;6;13.4148063233912
bench_histogram.rb;16;StampedLock;7;13.5548288639172
bench_histogram.rb;16;StampedLock;8;11.6408876708721
bench_histogram.rb;16;StampedLock;9;13.1830412704219
bench_histogram.rb;16;StampedLock;10;13.7669035656289
bench_histogram.rb;16;StampedLock;11;13.7422760013713
bench_histogram.rb;16;StampedLock;12;13.6950075447152
bench_histogram.rb;16;StampedLock;13;10.8087345951206
bench_histogram.rb;16;StampedLock;14;12.9676210980931
bench_histogram.rb;16;StampedLock;15;13.7227518580907
bench_histogram.rb;16;StampedLock;16;13.677931563555
bench_histogram.rb;16;StampedLock;17;13.6325362408579
bench_histogram.rb;16;StampedLock;18;11.1235197253699
bench_histogram.rb;16;StampedLock;19;13.1988764440787
bench_histogram.rb;16;StampedLock;20;13.3514023978443
bench_histogram.rb;16;StampedLock;21;13.4812449751769
bench_histogram.rb;16;StampedLock;22;13.5112763926627
bench_histogram.rb;16;StampedLock;23;11.5326325828657
bench_histogram.rb;16;StampedLock;24;13.3773161325133
bench_histogram.rb;16;StampedLock;25;13.2430918727547
bench_histogram.rb;16;StampedLock;26;13.1403733473139
bench_histogram.rb;16;StampedLock;27;13.2812631781593
bench_histogram.rb;16;StampedLock;28;11.2569760916257
bench_histogram.rb;16;StampedLock;29;12.4779577043576
bench_histogram.rb;16;StampedLock;30;12.1905808230707
bench_histogram.rb;18;StampedLock;1;0.349351670640602
bench_histogram.rb;18;StampedLock;2;0.576037419667128
bench_histogram.rb;18;StampedLock;3;13.8522891328825
bench_histogram.rb;18;StampedLock;4;12.1948267396364
bench_histogram.rb;18;StampedLock;5;14.5804226729356
bench_histogram.rb;18;StampedLock;6;13.8472380156449
bench_histogram.rb;18;StampedLock;7;14.1680371424833
bench_histogram.rb;18;StampedLock;8;13.8875772434868
bench_histogram.rb;18;StampedLock;9;12.1888461746591
bench_histogram.rb;18;StampedLock;10;13.7883259663411
bench_histogram.rb;18;StampedLock;11;13.9100732277172
bench_histogram.rb;18;StampedLock;12;14.2803590376256
bench_histogram.rb;18;StampedLock;13;14.3874960659362
bench_histogram.rb;18;StampedLock;14;12.6514971498066
bench_histogram.rb;18;StampedLock;15;14.4744837274627
bench_histogram.rb;18;StampedLock;16;13.9132294562525
bench_histogram.rb;18;StampedLock;17;14.4114389162601
bench_histogram.rb;18;StampedLock;18;14.392355473178
bench_histogram.rb;18;StampedLock;19;13.8090384809358
bench_histogram.rb;18;StampedLock;20;12.114163482352
bench_histogram.rb;18;StampedLock;21;14.2914776345091
bench_histogram.rb;18;StampedLock;22;14.5186383213273
bench_histogram.rb;18;StampedLock;23;13.9713798122662
bench_histogram.rb;18;StampedLock;24;14.1537877729245
bench_histogram.rb;18;StampedLock;25;13.0809329054929
bench_histogram.rb;18;StampedLock;26;14.0181603631268
bench_histogram.rb;18;StampedLock;27;13.6915542658541
bench_histogram.rb;18;StampedLock;28;13.961789512604
bench_histogram.rb;18;StampedLock;29;14.49779634518
bench_histogram.rb;18;StampedLock;30;14.5655340959197
bench_histogram.rb;20;StampedLock;1;0.37486977038479
bench_histogram.rb;20;StampedLock;2;0.495416789063998
bench_histogram.rb;20;StampedLock;3;1.79243232265712
bench_histogram.rb;20;StampedLock;4;0.94932749967769
bench_histogram.rb;20;StampedLock;5;13.1312616905807
bench_histogram.rb;20;StampedLock;6;15.1912119354671
bench_histogram.rb;20;StampedLock;7;14.9888884412546
bench_histogram.rb;20;StampedLock;8;15.1207264752199
bench_histogram.rb;20;StampedLock;9;15.0222870739157
bench_histogram.rb;20;StampedLock;10;12.1996750765779
bench_histogram.rb;20;StampedLock;11;15.214635169258
bench_histogram.rb;20;StampedLock;12;15.0719943452675
bench_histogram.rb;20;StampedLock;13;14.9925677348773
bench_histogram.rb;20;StampedLock;14;13.344363813563
bench_histogram.rb;20;StampedLock;15;15.0431892235502
bench_histogram.rb;20;StampedLock;16;15.1339689427874
bench_histogram.rb;20;StampedLock;17;15.1985732100711
bench_histogram.rb;20;StampedLock;18;15.2147781049946
bench_histogram.rb;20;StampedLock;19;12.8972368569189
bench_histogram.rb;20;StampedLock;20;15.2353305600256
bench_histogram.rb;20;StampedLock;21;15.3987660987707
bench_histogram.rb;20;StampedLock;22;15.2724974810677
bench_histogram.rb;20;StampedLock;23;15.3259669074493
bench_histogram.rb;20;StampedLock;24;13.414708446848
bench_histogram.rb;20;StampedLock;25;15.2358995518121
bench_histogram.rb;20;StampedLock;26;15.3851434593342
bench_histogram.rb;20;StampedLock;27;15.1797691939341
bench_histogram.rb;20;StampedLock;28;14.8066468043497
bench_histogram.rb;20;StampedLock;29;12.981566736092
bench_histogram.rb;20;StampedLock;30;14.9918057760925
bench_histogram.rb;24;StampedLock;1;0.376845049737648
bench_histogram.rb;24;StampedLock;2;0.766789075700126
bench_histogram.rb;24;StampedLock;3;1.13147403881465
bench_histogram.rb;24;StampedLock;4;0.77104280484821
bench_histogram.rb;24;StampedLock;5;16.7919916407695
bench_histogram.rb;24;StampedLock;6;14.6710318881047
bench_histogram.rb;24;StampedLock;7;17.9659556310553
bench_histogram.rb;24;StampedLock;8;17.9354216341969
bench_histogram.rb;24;StampedLock;9;17.791983148896
bench_histogram.rb;24;StampedLock;10;17.8819220260659
bench_histogram.rb;24;StampedLock;11;16.0496761550534
bench_histogram.rb;24;StampedLock;12;17.9741223564698
bench_histogram.rb;24;StampedLock;13;17.7110633636817
bench_histogram.rb;24;StampedLock;14;18.2451364340486
bench_histogram.rb;24;StampedLock;15;18.2984907647773
bench_histogram.rb;24;StampedLock;16;17.9278847910205
bench_histogram.rb;24;StampedLock;17;15.177422901603
bench_histogram.rb;24;StampedLock;18;18.1995423697641
bench_histogram.rb;24;StampedLock;19;18.507607300728
bench_histogram.rb;24;StampedLock;20;18.5872821272647
bench_histogram.rb;24;StampedLock;21;18.4497580610463
bench_histogram.rb;24;StampedLock;22;18.4935605922035
bench_histogram.rb;24;StampedLock;23;15.817415709068
bench_histogram.rb;24;StampedLock;24;18.4406711476479
bench_histogram.rb;24;StampedLock;25;18.7176521904448
bench_histogram.rb;24;StampedLock;26;18.4196368839642
bench_histogram.rb;24;StampedLock;27;18.3345100350681
bench_histogram.rb;24;StampedLock;28;16.5192729729144
bench_histogram.rb;24;StampedLock;29;18.3797300135325
bench_histogram.rb;24;StampedLock;30;18.2881852977983
bench_histogram.rb;28;StampedLock;1;0.38499003650748
bench_histogram.rb;28;StampedLock;2;1.28335164419657
bench_histogram.rb;28;StampedLock;3;6.34264975601863
bench_histogram.rb;28;StampedLock;4;1.59580700852832
bench_histogram.rb;28;StampedLock;5;20.2033803753772
bench_histogram.rb;28;StampedLock;6;19.770952102651
bench_histogram.rb;28;StampedLock;7;19.7973248120696
bench_histogram.rb;28;StampedLock;8;18.2028331673183
bench_histogram.rb;28;StampedLock;9;16.7357093488512
bench_histogram.rb;28;StampedLock;10;19.0776889920887
bench_histogram.rb;28;StampedLock;11;19.6163680403953
bench_histogram.rb;28;StampedLock;12;19.6056466737395
bench_histogram.rb;28;StampedLock;13;18.728815982361
bench_histogram.rb;28;StampedLock;14;17.9659418030902
bench_histogram.rb;28;StampedLock;15;19.0372144517981
bench_histogram.rb;28;StampedLock;16;19.0243886812751
bench_histogram.rb;28;StampedLock;17;19.0372914079843
bench_histogram.rb;28;StampedLock;18;19.7594531461844
bench_histogram.rb;28;StampedLock;19;20.481374310967
bench_histogram.rb;28;StampedLock;20;16.8830656993918
bench_histogram.rb;28;StampedLock;21;19.5069223622938
bench_histogram.rb;28;StampedLock;22;18.1975519932805
bench_histogram.rb;28;StampedLock;23;20.3981313174729
bench_histogram.rb;28;StampedLock;24;20.5673219112556
bench_histogram.rb;28;StampedLock;25;20.2001166056495
bench_histogram.rb;28;StampedLock;26;16.5127074536645
bench_histogram.rb;28;StampedLock;27;20.1730566284697
bench_histogram.rb;28;StampedLock;28;19.8236135254513
bench_histogram.rb;28;StampedLock;29;20.7403421511284
bench_histogram.rb;28;StampedLock;30;20.7396318772781
bench_histogram.rb;32;StampedLock;1;0.361810358003591
bench_histogram.rb;32;StampedLock;2;0.932962370130997
bench_histogram.rb;32;StampedLock;3;1.05183958190934
bench_histogram.rb;32;StampedLock;4;18.5995254283042
bench_histogram.rb;32;StampedLock;5;18.8398472180716
bench_histogram.rb;32;StampedLock;6;15.9064073051963
bench_histogram.rb;32;StampedLock;7;17.2079001650529
bench_histogram.rb;32;StampedLock;8;19.5620926225818
bench_histogram.rb;32;StampedLock;9;20.1884046847909
bench_histogram.rb;32;StampedLock;10;17.9834590443218
bench_histogram.rb;32;StampedLock;11;15.5576818905002
bench_histogram.rb;32;StampedLock;12;18.0148551249
bench_histogram.rb;32;StampedLock;13;17.0160010104293
bench_histogram.rb;32;StampedLock;14;19.5735934527395
bench_histogram.rb;32;StampedLock;15;19.6512018080232
bench_histogram.rb;32;StampedLock;16;16.692716166646
bench_histogram.rb;32;StampedLock;17;19.6171744165981
bench_histogram.rb;32;StampedLock;18;18.6061515671853
bench_histogram.rb;32;StampedLock;19;19.2398907513504
bench_histogram.rb;32;StampedLock;20;20.0646431946706
bench_histogram.rb;32;StampedLock;21;20.4142395685864
bench_histogram.rb;32;StampedLock;22;16.5060106394058
bench_histogram.rb;32;StampedLock;23;19.5884088495733
bench_histogram.rb;32;StampedLock;24;20.4276886467416
bench_histogram.rb;32;StampedLock;25;19.6800389677819
bench_histogram.rb;32;StampedLock;26;20.4257565510537
bench_histogram.rb;32;StampedLock;27;16.7825216368794
bench_histogram.rb;32;StampedLock;28;19.6308201048479
bench_histogram.rb;32;StampedLock;29;20.0451524627704
bench_histogram.rb;32;StampedLock;30;18.950847067397
bench_histogram.rb;36;StampedLock;1;0.348801091353732
bench_histogram.rb;36;StampedLock;2;0.721003241531032
bench_histogram.rb;36;StampedLock;3;8.0515726293937
bench_histogram.rb;36;StampedLock;4;0.696191446468988
bench_histogram.rb;36;StampedLock;5;21.0701236519065
bench_histogram.rb;36;StampedLock;6;22.1534041092273
bench_histogram.rb;36;StampedLock;7;16.1813640685595
bench_histogram.rb;36;StampedLock;8;22.1217667542678
bench_histogram.rb;36;StampedLock;9;22.5621403162956
bench_histogram.rb;36;StampedLock;10;22.1805222153746
bench_histogram.rb;36;StampedLock;11;22.4143281116475
bench_histogram.rb;36;StampedLock;12;18.3382027901812
bench_histogram.rb;36;StampedLock;13;21.3695755071415
bench_histogram.rb;36;StampedLock;14;22.3366389591769
bench_histogram.rb;36;StampedLock;15;22.8519673294082
bench_histogram.rb;36;StampedLock;16;22.9466825950091
bench_histogram.rb;36;StampedLock;17;23.2160263866662
bench_histogram.rb;36;StampedLock;18;17.5474394695752
bench_histogram.rb;36;StampedLock;19;21.6168905794293
bench_histogram.rb;36;StampedLock;20;22.5574686535457
bench_histogram.rb;36;StampedLock;21;22.672037022499
bench_histogram.rb;36;StampedLock;22;22.630910279787
bench_histogram.rb;36;StampedLock;23;16.9106486807286
bench_histogram.rb;36;StampedLock;24;22.4879312767776
bench_histogram.rb;36;StampedLock;25;22.4437042604798
bench_histogram.rb;36;StampedLock;26;22.6013139951475
bench_histogram.rb;36;StampedLock;27;21.6615621785982
bench_histogram.rb;36;StampedLock;28;17.8322961210379
bench_histogram.rb;36;StampedLock;29;22.1155404959793
bench_histogram.rb;36;StampedLock;30;22.0167000530209
