bench_array_conc_append_ops.rb;1;FixedSize;1;20801.6540755316
bench_array_conc_append_ops.rb;1;FixedSize;2;26459.3882460134
bench_array_conc_append_ops.rb;1;FixedSize;3;27885.7317059113
bench_array_conc_append_ops.rb;1;FixedSize;4;27300.102995153
bench_array_conc_append_ops.rb;1;FixedSize;5;27862.0899812972
bench_array_conc_append_ops.rb;1;FixedSize;6;28529.4374853847
bench_array_conc_append_ops.rb;1;FixedSize;7;28605.6977541291
bench_array_conc_append_ops.rb;1;FixedSize;8;27379.2498583972
bench_array_conc_append_ops.rb;1;FixedSize;9;28557.98967402
bench_array_conc_append_ops.rb;1;FixedSize;10;29013.5085455804
bench_array_conc_append_ops.rb;2;FixedSize;1;3067.46982775896
bench_array_conc_append_ops.rb;2;FixedSize;2;4279.75958402095
bench_array_conc_append_ops.rb;2;FixedSize;3;2922.81840244844
bench_array_conc_append_ops.rb;2;FixedSize;4;3207.6527753678
bench_array_conc_append_ops.rb;2;FixedSize;5;3170.5154851206
bench_array_conc_append_ops.rb;2;FixedSize;6;3349.69968765506
bench_array_conc_append_ops.rb;2;FixedSize;7;3373.79936383006
bench_array_conc_append_ops.rb;2;FixedSize;8;3715.28696209957
bench_array_conc_append_ops.rb;2;FixedSize;9;4517.42844614745
bench_array_conc_append_ops.rb;2;FixedSize;10;5785.06732627924
bench_array_conc_append_ops.rb;4;FixedSize;1;9980.17393791248
bench_array_conc_append_ops.rb;4;FixedSize;2;12950.4144546017
bench_array_conc_append_ops.rb;4;FixedSize;3;15719.694853138
bench_array_conc_append_ops.rb;4;FixedSize;4;13416.411393832
bench_array_conc_append_ops.rb;4;FixedSize;5;11721.6175099732
bench_array_conc_append_ops.rb;4;FixedSize;6;10868.6047732961
bench_array_conc_append_ops.rb;4;FixedSize;7;11799.277053335
bench_array_conc_append_ops.rb;4;FixedSize;8;12763.5819450424
bench_array_conc_append_ops.rb;4;FixedSize;9;13200.1719044792
bench_array_conc_append_ops.rb;4;FixedSize;10;13721.5989856797
bench_array_conc_append_ops.rb;8;FixedSize;1;9985.74419403954
bench_array_conc_append_ops.rb;8;FixedSize;2;13255.2887858913
bench_array_conc_append_ops.rb;8;FixedSize;3;13263.8134504525
bench_array_conc_append_ops.rb;8;FixedSize;4;12886.8964943347
bench_array_conc_append_ops.rb;8;FixedSize;5;13619.3754284849
bench_array_conc_append_ops.rb;8;FixedSize;6;13167.8473917755
bench_array_conc_append_ops.rb;8;FixedSize;7;12835.5368893426
bench_array_conc_append_ops.rb;8;FixedSize;8;13517.5054591009
bench_array_conc_append_ops.rb;8;FixedSize;9;12380.2583157753
bench_array_conc_append_ops.rb;8;FixedSize;10;13578.0138480725
bench_array_conc_append_ops.rb;12;FixedSize;1;9206.82464757617
bench_array_conc_append_ops.rb;12;FixedSize;2;13682.450971059
bench_array_conc_append_ops.rb;12;FixedSize;3;14440.7840697698
bench_array_conc_append_ops.rb;12;FixedSize;4;19790.312829707
bench_array_conc_append_ops.rb;12;FixedSize;5;16211.8368581515
bench_array_conc_append_ops.rb;12;FixedSize;6;14673.9369548462
bench_array_conc_append_ops.rb;12;FixedSize;7;13448.5231073942
bench_array_conc_append_ops.rb;12;FixedSize;8;19127.8978287439
bench_array_conc_append_ops.rb;12;FixedSize;9;15294.0735322804
bench_array_conc_append_ops.rb;12;FixedSize;10;15345.4886895984
bench_array_conc_append_ops.rb;16;FixedSize;1;14400.7676078936
bench_array_conc_append_ops.rb;16;FixedSize;2;21032.0367309028
bench_array_conc_append_ops.rb;16;FixedSize;3;24040.0469318692
bench_array_conc_append_ops.rb;16;FixedSize;4;24576.0411942792
bench_array_conc_append_ops.rb;16;FixedSize;5;22692.7715060293
bench_array_conc_append_ops.rb;16;FixedSize;6;21283.6068663278
bench_array_conc_append_ops.rb;16;FixedSize;7;23467.4825070449
bench_array_conc_append_ops.rb;16;FixedSize;8;24166.051088047
bench_array_conc_append_ops.rb;16;FixedSize;9;24035.0671174498
bench_array_conc_append_ops.rb;16;FixedSize;10;23979.98270324
bench_array_conc_append_ops.rb;20;FixedSize;1;15460.198412282
bench_array_conc_append_ops.rb;20;FixedSize;2;23077.0272483089
bench_array_conc_append_ops.rb;20;FixedSize;3;24805.5006947177
bench_array_conc_append_ops.rb;20;FixedSize;4;23900.8618451105
bench_array_conc_append_ops.rb;20;FixedSize;5;25608.7898822503
bench_array_conc_append_ops.rb;20;FixedSize;6;25414.9102048818
bench_array_conc_append_ops.rb;20;FixedSize;7;25065.2561686099
bench_array_conc_append_ops.rb;20;FixedSize;8;25326.6207140424
bench_array_conc_append_ops.rb;20;FixedSize;9;25615.6465488136
bench_array_conc_append_ops.rb;20;FixedSize;10;24178.755641615
bench_array_conc_append_ops.rb;22;FixedSize;1;14945.7154226027
bench_array_conc_append_ops.rb;22;FixedSize;2;21630.41987105
bench_array_conc_append_ops.rb;22;FixedSize;3;22561.1349840414
bench_array_conc_append_ops.rb;22;FixedSize;4;24936.9075479299
bench_array_conc_append_ops.rb;22;FixedSize;5;25019.4592341024
bench_array_conc_append_ops.rb;22;FixedSize;6;24539.867781162
bench_array_conc_append_ops.rb;22;FixedSize;7;24789.5989515814
bench_array_conc_append_ops.rb;22;FixedSize;8;24923.8640547341
bench_array_conc_append_ops.rb;22;FixedSize;9;24951.4472434702
bench_array_conc_append_ops.rb;22;FixedSize;10;24340.365383198
bench_array_conc_append_ops.rb;24;FixedSize;1;14735.8359961627
bench_array_conc_append_ops.rb;24;FixedSize;2;21789.3305721698
bench_array_conc_append_ops.rb;24;FixedSize;3;23571.1360140055
bench_array_conc_append_ops.rb;24;FixedSize;4;22365.7538609108
bench_array_conc_append_ops.rb;24;FixedSize;5;23687.5854362313
bench_array_conc_append_ops.rb;24;FixedSize;6;23380.4195657547
bench_array_conc_append_ops.rb;24;FixedSize;7;22517.9299612389
bench_array_conc_append_ops.rb;24;FixedSize;8;23061.0052349611
bench_array_conc_append_ops.rb;24;FixedSize;9;23361.4780949209
bench_array_conc_append_ops.rb;24;FixedSize;10;22933.2942911099
bench_array_conc_append_ops.rb;28;FixedSize;1;14741.8758906597
bench_array_conc_append_ops.rb;28;FixedSize;2;20657.9270426917
bench_array_conc_append_ops.rb;28;FixedSize;3;23292.1188275516
bench_array_conc_append_ops.rb;28;FixedSize;4;23752.2708410157
bench_array_conc_append_ops.rb;28;FixedSize;5;23319.8771514176
bench_array_conc_append_ops.rb;28;FixedSize;6;25162.0392786721
bench_array_conc_append_ops.rb;28;FixedSize;7;25130.7565069732
bench_array_conc_append_ops.rb;28;FixedSize;8;25039.0031904364
bench_array_conc_append_ops.rb;28;FixedSize;9;24743.0719468594
bench_array_conc_append_ops.rb;28;FixedSize;10;25160.7895103032
bench_array_conc_append_ops.rb;32;FixedSize;1;14874.9522501878
bench_array_conc_append_ops.rb;32;FixedSize;2;21591.2120416182
bench_array_conc_append_ops.rb;32;FixedSize;3;23271.3673079239
bench_array_conc_append_ops.rb;32;FixedSize;4;23652.7701795828
bench_array_conc_append_ops.rb;32;FixedSize;5;22837.0478408108
bench_array_conc_append_ops.rb;32;FixedSize;6;21126.5969703475
bench_array_conc_append_ops.rb;32;FixedSize;7;22205.4129282537
bench_array_conc_append_ops.rb;32;FixedSize;8;22512.9661111455
bench_array_conc_append_ops.rb;32;FixedSize;9;22222.2599118942
bench_array_conc_append_ops.rb;32;FixedSize;10;22048.7740993195
bench_array_conc_append_ops.rb;36;FixedSize;1;14015.2376277688
bench_array_conc_append_ops.rb;36;FixedSize;2;19351.0624498458
bench_array_conc_append_ops.rb;36;FixedSize;3;22104.4315694401
bench_array_conc_append_ops.rb;36;FixedSize;4;22441.4945151988
bench_array_conc_append_ops.rb;36;FixedSize;5;22192.86535362
bench_array_conc_append_ops.rb;36;FixedSize;6;22483.4851238301
bench_array_conc_append_ops.rb;36;FixedSize;7;23076.7927432815
bench_array_conc_append_ops.rb;36;FixedSize;8;23359.2629404175
bench_array_conc_append_ops.rb;36;FixedSize;9;22789.8460939893
bench_array_conc_append_ops.rb;36;FixedSize;10;23056.8748744739
bench_array_conc_append_ops.rb;40;FixedSize;1;13902.8968793575
bench_array_conc_append_ops.rb;40;FixedSize;2;19900.0877801305
bench_array_conc_append_ops.rb;40;FixedSize;3;21798.1310559721
bench_array_conc_append_ops.rb;40;FixedSize;4;19994.1716927751
bench_array_conc_append_ops.rb;40;FixedSize;5;21711.0866452215
bench_array_conc_append_ops.rb;40;FixedSize;6;21720.5592101041
bench_array_conc_append_ops.rb;40;FixedSize;7;21779.1426152778
bench_array_conc_append_ops.rb;40;FixedSize;8;21037.4579176888
bench_array_conc_append_ops.rb;40;FixedSize;9;21202.4498696275
bench_array_conc_append_ops.rb;40;FixedSize;10;21510.4127257825
bench_array_conc_append_ops.rb;44;FixedSize;1;14079.5064112255
bench_array_conc_append_ops.rb;44;FixedSize;2;20849.3485537126
bench_array_conc_append_ops.rb;44;FixedSize;3;21415.6813717984
bench_array_conc_append_ops.rb;44;FixedSize;4;21263.7678207155
bench_array_conc_append_ops.rb;44;FixedSize;5;23403.2722363137
bench_array_conc_append_ops.rb;44;FixedSize;6;23078.3602199335
bench_array_conc_append_ops.rb;44;FixedSize;7;22197.9671220246
bench_array_conc_append_ops.rb;44;FixedSize;8;22350.2120854537
bench_array_conc_append_ops.rb;44;FixedSize;9;21880.5599015043
bench_array_conc_append_ops.rb;44;FixedSize;10;21546.1063456903
bench_array_conc_append_ops.rb;1;FastLayoutLock;1;20424.7743836236
bench_array_conc_append_ops.rb;1;FastLayoutLock;2;26082.7622453834
bench_array_conc_append_ops.rb;1;FastLayoutLock;3;24115.3920111086
bench_array_conc_append_ops.rb;1;FastLayoutLock;4;26437.9577599179
bench_array_conc_append_ops.rb;1;FastLayoutLock;5;26041.0005112825
bench_array_conc_append_ops.rb;1;FastLayoutLock;6;25991.9321320054
bench_array_conc_append_ops.rb;1;FastLayoutLock;7;26318.9703937865
bench_array_conc_append_ops.rb;1;FastLayoutLock;8;25817.3819327329
bench_array_conc_append_ops.rb;1;FastLayoutLock;9;26315.0069162217
bench_array_conc_append_ops.rb;1;FastLayoutLock;10;26372.0655442201
bench_array_conc_append_ops.rb;2;FastLayoutLock;1;3679.33364109537
bench_array_conc_append_ops.rb;2;FastLayoutLock;2;4089.45052652239
bench_array_conc_append_ops.rb;2;FastLayoutLock;3;2782.39214627419
bench_array_conc_append_ops.rb;2;FastLayoutLock;4;6384.27071780211
bench_array_conc_append_ops.rb;2;FastLayoutLock;5;2669.22753234609
bench_array_conc_append_ops.rb;2;FastLayoutLock;6;4801.21384217142
bench_array_conc_append_ops.rb;2;FastLayoutLock;7;2674.48974306099
bench_array_conc_append_ops.rb;2;FastLayoutLock;8;2674.8382923467
bench_array_conc_append_ops.rb;2;FastLayoutLock;9;3511.41483800561
bench_array_conc_append_ops.rb;2;FastLayoutLock;10;3746.11817901988
bench_array_conc_append_ops.rb;4;FastLayoutLock;1;9216.87121606425
bench_array_conc_append_ops.rb;4;FastLayoutLock;2;12224.8107227009
bench_array_conc_append_ops.rb;4;FastLayoutLock;3;11242.8390466478
bench_array_conc_append_ops.rb;4;FastLayoutLock;4;11536.16548181
bench_array_conc_append_ops.rb;4;FastLayoutLock;5;10783.9445066567
bench_array_conc_append_ops.rb;4;FastLayoutLock;6;10119.1763622412
bench_array_conc_append_ops.rb;4;FastLayoutLock;7;10602.097326005
bench_array_conc_append_ops.rb;4;FastLayoutLock;8;10865.3402653169
bench_array_conc_append_ops.rb;4;FastLayoutLock;9;10729.116480384
bench_array_conc_append_ops.rb;4;FastLayoutLock;10;11415.8941626771
bench_array_conc_append_ops.rb;8;FastLayoutLock;1;7006.28998823926
bench_array_conc_append_ops.rb;8;FastLayoutLock;2;10376.0361039164
bench_array_conc_append_ops.rb;8;FastLayoutLock;3;11450.4728476154
bench_array_conc_append_ops.rb;8;FastLayoutLock;4;11204.335110985
bench_array_conc_append_ops.rb;8;FastLayoutLock;5;11332.6242094263
bench_array_conc_append_ops.rb;8;FastLayoutLock;6;10365.2797693782
bench_array_conc_append_ops.rb;8;FastLayoutLock;7;13073.363710507
bench_array_conc_append_ops.rb;8;FastLayoutLock;8;12984.2999632074
bench_array_conc_append_ops.rb;8;FastLayoutLock;9;14333.6566371392
bench_array_conc_append_ops.rb;8;FastLayoutLock;10;14283.9663255117
bench_array_conc_append_ops.rb;12;FastLayoutLock;1;9342.95571172255
bench_array_conc_append_ops.rb;12;FastLayoutLock;2;13171.4028177989
bench_array_conc_append_ops.rb;12;FastLayoutLock;3;13895.1840871661
bench_array_conc_append_ops.rb;12;FastLayoutLock;4;12884.5167933738
bench_array_conc_append_ops.rb;12;FastLayoutLock;5;13015.7914766165
bench_array_conc_append_ops.rb;12;FastLayoutLock;6;13383.7499845797
bench_array_conc_append_ops.rb;12;FastLayoutLock;7;13132.1565683072
bench_array_conc_append_ops.rb;12;FastLayoutLock;8;13241.3064299636
bench_array_conc_append_ops.rb;12;FastLayoutLock;9;12970.9788458526
bench_array_conc_append_ops.rb;12;FastLayoutLock;10;13252.803541267
bench_array_conc_append_ops.rb;16;FastLayoutLock;1;8032.33604832125
bench_array_conc_append_ops.rb;16;FastLayoutLock;2;11800.7319536648
bench_array_conc_append_ops.rb;16;FastLayoutLock;3;12218.2233469607
bench_array_conc_append_ops.rb;16;FastLayoutLock;4;12666.8486781579
bench_array_conc_append_ops.rb;16;FastLayoutLock;5;12745.8491240616
bench_array_conc_append_ops.rb;16;FastLayoutLock;6;12468.1707081661
bench_array_conc_append_ops.rb;16;FastLayoutLock;7;12655.0996306308
bench_array_conc_append_ops.rb;16;FastLayoutLock;8;12576.2811381743
bench_array_conc_append_ops.rb;16;FastLayoutLock;9;12837.486298558
bench_array_conc_append_ops.rb;16;FastLayoutLock;10;12814.5894190688
bench_array_conc_append_ops.rb;20;FastLayoutLock;1;7298.14176665022
bench_array_conc_append_ops.rb;20;FastLayoutLock;2;10975.7194010627
bench_array_conc_append_ops.rb;20;FastLayoutLock;3;12059.6247003931
bench_array_conc_append_ops.rb;20;FastLayoutLock;4;11880.7054068082
bench_array_conc_append_ops.rb;20;FastLayoutLock;5;11808.9911979306
bench_array_conc_append_ops.rb;20;FastLayoutLock;6;10944.0658752147
bench_array_conc_append_ops.rb;20;FastLayoutLock;7;11608.2317385938
bench_array_conc_append_ops.rb;20;FastLayoutLock;8;11762.3866001859
bench_array_conc_append_ops.rb;20;FastLayoutLock;9;11709.398559304
bench_array_conc_append_ops.rb;20;FastLayoutLock;10;11676.350476378
bench_array_conc_append_ops.rb;22;FastLayoutLock;1;7089.78838261523
bench_array_conc_append_ops.rb;22;FastLayoutLock;2;10476.459550119
bench_array_conc_append_ops.rb;22;FastLayoutLock;3;10759.7881680545
bench_array_conc_append_ops.rb;22;FastLayoutLock;4;10716.528226946
bench_array_conc_append_ops.rb;22;FastLayoutLock;5;11114.1848605354
bench_array_conc_append_ops.rb;22;FastLayoutLock;6;11057.7553914576
bench_array_conc_append_ops.rb;22;FastLayoutLock;7;11062.5935942126
bench_array_conc_append_ops.rb;22;FastLayoutLock;8;10669.6854366194
bench_array_conc_append_ops.rb;22;FastLayoutLock;9;10696.6170759799
bench_array_conc_append_ops.rb;22;FastLayoutLock;10;10755.4545236613
bench_array_conc_append_ops.rb;24;FastLayoutLock;1;6558.236112866
bench_array_conc_append_ops.rb;24;FastLayoutLock;2;9355.7528989014
bench_array_conc_append_ops.rb;24;FastLayoutLock;3;10292.5005122861
bench_array_conc_append_ops.rb;24;FastLayoutLock;4;10796.3301321187
bench_array_conc_append_ops.rb;24;FastLayoutLock;5;10562.676596729
bench_array_conc_append_ops.rb;24;FastLayoutLock;6;10583.0788005031
bench_array_conc_append_ops.rb;24;FastLayoutLock;7;10676.9780497564
bench_array_conc_append_ops.rb;24;FastLayoutLock;8;10776.5031427876
bench_array_conc_append_ops.rb;24;FastLayoutLock;9;10861.0048306124
bench_array_conc_append_ops.rb;24;FastLayoutLock;10;10463.6901722427
bench_array_conc_append_ops.rb;28;FastLayoutLock;1;6432.42083651943
bench_array_conc_append_ops.rb;28;FastLayoutLock;2;9525.91700568354
bench_array_conc_append_ops.rb;28;FastLayoutLock;3;9757.78643318161
bench_array_conc_append_ops.rb;28;FastLayoutLock;4;9850.74960335211
bench_array_conc_append_ops.rb;28;FastLayoutLock;5;9586.17618798763
bench_array_conc_append_ops.rb;28;FastLayoutLock;6;9705.94742687333
bench_array_conc_append_ops.rb;28;FastLayoutLock;7;9605.20598946583
bench_array_conc_append_ops.rb;28;FastLayoutLock;8;9886.8034757932
bench_array_conc_append_ops.rb;28;FastLayoutLock;9;9839.3492860597
bench_array_conc_append_ops.rb;28;FastLayoutLock;10;9823.14984533982
bench_array_conc_append_ops.rb;32;FastLayoutLock;1;5854.34771590249
bench_array_conc_append_ops.rb;32;FastLayoutLock;2;8622.94537037159
bench_array_conc_append_ops.rb;32;FastLayoutLock;3;7855.59525675321
bench_array_conc_append_ops.rb;32;FastLayoutLock;4;7917.78271784045
bench_array_conc_append_ops.rb;32;FastLayoutLock;5;7835.89660009534
bench_array_conc_append_ops.rb;32;FastLayoutLock;6;7865.99632114295
bench_array_conc_append_ops.rb;32;FastLayoutLock;7;7710.11094657863
bench_array_conc_append_ops.rb;32;FastLayoutLock;8;8210.7154385441
bench_array_conc_append_ops.rb;32;FastLayoutLock;9;8322.26697475817
bench_array_conc_append_ops.rb;32;FastLayoutLock;10;8088.94992825537
bench_array_conc_append_ops.rb;36;FastLayoutLock;1;5605.02198552797
bench_array_conc_append_ops.rb;36;FastLayoutLock;2;8160.21817448853
bench_array_conc_append_ops.rb;36;FastLayoutLock;3;7828.13871572487
bench_array_conc_append_ops.rb;36;FastLayoutLock;4;7842.08465850768
bench_array_conc_append_ops.rb;36;FastLayoutLock;5;7482.46964381505
bench_array_conc_append_ops.rb;36;FastLayoutLock;6;7819.52644168145
bench_array_conc_append_ops.rb;36;FastLayoutLock;7;7636.48341859799
bench_array_conc_append_ops.rb;36;FastLayoutLock;8;7822.73518078799
bench_array_conc_append_ops.rb;36;FastLayoutLock;9;7822.99356040823
bench_array_conc_append_ops.rb;36;FastLayoutLock;10;7145.77385831902
bench_array_conc_append_ops.rb;40;FastLayoutLock;1;5344.16609957524
bench_array_conc_append_ops.rb;40;FastLayoutLock;2;7429.24725107425
bench_array_conc_append_ops.rb;40;FastLayoutLock;3;7058.53215846663
bench_array_conc_append_ops.rb;40;FastLayoutLock;4;7169.77205872686
bench_array_conc_append_ops.rb;40;FastLayoutLock;5;7321.05754301173
bench_array_conc_append_ops.rb;40;FastLayoutLock;6;7482.98830498883
bench_array_conc_append_ops.rb;40;FastLayoutLock;7;7078.13552911887
bench_array_conc_append_ops.rb;40;FastLayoutLock;8;7026.64067033429
bench_array_conc_append_ops.rb;40;FastLayoutLock;9;6861.93228742741
bench_array_conc_append_ops.rb;40;FastLayoutLock;10;7281.40988272893
bench_array_conc_append_ops.rb;44;FastLayoutLock;1;4579.33371737456
bench_array_conc_append_ops.rb;44;FastLayoutLock;2;6885.18085762722
bench_array_conc_append_ops.rb;44;FastLayoutLock;3;6635.02192856727
bench_array_conc_append_ops.rb;44;FastLayoutLock;4;6782.02588046829
bench_array_conc_append_ops.rb;44;FastLayoutLock;5;6479.899369902
bench_array_conc_append_ops.rb;44;FastLayoutLock;6;6691.24336501538
bench_array_conc_append_ops.rb;44;FastLayoutLock;7;6547.37108998574
bench_array_conc_append_ops.rb;44;FastLayoutLock;8;6649.92815658386
bench_array_conc_append_ops.rb;44;FastLayoutLock;9;6607.35167269978
bench_array_conc_append_ops.rb;44;FastLayoutLock;10;6614.10617924008
bench_array_conc_append_ops.rb;1;LayoutLock;1;8269.84356172644
bench_array_conc_append_ops.rb;1;LayoutLock;2;11309.0893345503
bench_array_conc_append_ops.rb;1;LayoutLock;3;11082.9052329415
bench_array_conc_append_ops.rb;1;LayoutLock;4;11906.0965380019
bench_array_conc_append_ops.rb;1;LayoutLock;5;11823.1450485196
bench_array_conc_append_ops.rb;1;LayoutLock;6;11715.385641659
bench_array_conc_append_ops.rb;1;LayoutLock;7;11938.8840084163
bench_array_conc_append_ops.rb;1;LayoutLock;8;11727.4456521859
bench_array_conc_append_ops.rb;1;LayoutLock;9;11939.83507302
bench_array_conc_append_ops.rb;1;LayoutLock;10;11032.2335131085
bench_array_conc_append_ops.rb;2;LayoutLock;1;2693.81724585327
bench_array_conc_append_ops.rb;2;LayoutLock;2;4062.67451083859
bench_array_conc_append_ops.rb;2;LayoutLock;3;3920.37065939973
bench_array_conc_append_ops.rb;2;LayoutLock;4;4072.25011210023
bench_array_conc_append_ops.rb;2;LayoutLock;5;4475.06703282737
bench_array_conc_append_ops.rb;2;LayoutLock;6;4470.00796082146
bench_array_conc_append_ops.rb;2;LayoutLock;7;4504.25961496077
bench_array_conc_append_ops.rb;2;LayoutLock;8;3935.72752541804
bench_array_conc_append_ops.rb;2;LayoutLock;9;4046.65829465397
bench_array_conc_append_ops.rb;2;LayoutLock;10;3763.92884111534
bench_array_conc_append_ops.rb;4;LayoutLock;1;631.172879128266
bench_array_conc_append_ops.rb;4;LayoutLock;2;512.397430731108
bench_array_conc_append_ops.rb;4;LayoutLock;3;390.656547567712
bench_array_conc_append_ops.rb;4;LayoutLock;4;455.619492980575
bench_array_conc_append_ops.rb;4;LayoutLock;5;433.0350177053
bench_array_conc_append_ops.rb;4;LayoutLock;6;474.517275791986
bench_array_conc_append_ops.rb;4;LayoutLock;7;409.717154339503
bench_array_conc_append_ops.rb;4;LayoutLock;8;387.701500068649
bench_array_conc_append_ops.rb;4;LayoutLock;9;431.250168886079
bench_array_conc_append_ops.rb;4;LayoutLock;10;385.876875977182
bench_array_conc_append_ops.rb;8;LayoutLock;1;415.629694180895
bench_array_conc_append_ops.rb;8;LayoutLock;2;422.863413020045
bench_array_conc_append_ops.rb;8;LayoutLock;3;504.581547225794
bench_array_conc_append_ops.rb;8;LayoutLock;4;415.289546064571
bench_array_conc_append_ops.rb;8;LayoutLock;5;421.573323950588
bench_array_conc_append_ops.rb;8;LayoutLock;6;539.353476748536
bench_array_conc_append_ops.rb;8;LayoutLock;7;447.304692005254
bench_array_conc_append_ops.rb;8;LayoutLock;8;449.073176377991
bench_array_conc_append_ops.rb;8;LayoutLock;9;432.607471130837
bench_array_conc_append_ops.rb;8;LayoutLock;10;474.237973913667
bench_array_conc_append_ops.rb;12;LayoutLock;1;589.181897912321
bench_array_conc_append_ops.rb;12;LayoutLock;2;634.629386790274
bench_array_conc_append_ops.rb;12;LayoutLock;3;635.48860751336
bench_array_conc_append_ops.rb;12;LayoutLock;4;393.289331268218
bench_array_conc_append_ops.rb;12;LayoutLock;5;277.59602498561
bench_array_conc_append_ops.rb;12;LayoutLock;6;273.984677702518
bench_array_conc_append_ops.rb;12;LayoutLock;7;274.521440141575
bench_array_conc_append_ops.rb;12;LayoutLock;8;277.015170046103
bench_array_conc_append_ops.rb;12;LayoutLock;9;278.980878961883
bench_array_conc_append_ops.rb;12;LayoutLock;10;277.219550672381
bench_array_conc_append_ops.rb;16;LayoutLock;1;391.309856104453
bench_array_conc_append_ops.rb;16;LayoutLock;2;385.69435358885
bench_array_conc_append_ops.rb;16;LayoutLock;3;361.342283735646
bench_array_conc_append_ops.rb;16;LayoutLock;4;356.058388025186
bench_array_conc_append_ops.rb;16;LayoutLock;5;360.752270878802
bench_array_conc_append_ops.rb;16;LayoutLock;6;360.126049424362
bench_array_conc_append_ops.rb;16;LayoutLock;7;376.691190177283
bench_array_conc_append_ops.rb;16;LayoutLock;8;378.129673052278
bench_array_conc_append_ops.rb;16;LayoutLock;9;375.405149538947
bench_array_conc_append_ops.rb;16;LayoutLock;10;376.76128402061
bench_array_conc_append_ops.rb;20;LayoutLock;1;203.777238273666
bench_array_conc_append_ops.rb;20;LayoutLock;2;190.440427166735
bench_array_conc_append_ops.rb;20;LayoutLock;3;189.100048057485
bench_array_conc_append_ops.rb;20;LayoutLock;4;193.766971437973
bench_array_conc_append_ops.rb;20;LayoutLock;5;196.571509672626
bench_array_conc_append_ops.rb;20;LayoutLock;6;186.004674889492
bench_array_conc_append_ops.rb;20;LayoutLock;7;193.205336045896
bench_array_conc_append_ops.rb;20;LayoutLock;8;194.41189188994
bench_array_conc_append_ops.rb;20;LayoutLock;9;194.653482143649
bench_array_conc_append_ops.rb;20;LayoutLock;10;190.743127402374
bench_array_conc_append_ops.rb;22;LayoutLock;1;251.388601055378
bench_array_conc_append_ops.rb;22;LayoutLock;2;268.607766839387
bench_array_conc_append_ops.rb;22;LayoutLock;3;263.885838705118
bench_array_conc_append_ops.rb;22;LayoutLock;4;253.76045542604
bench_array_conc_append_ops.rb;22;LayoutLock;5;250.660673925262
bench_array_conc_append_ops.rb;22;LayoutLock;6;268.010983465056
bench_array_conc_append_ops.rb;22;LayoutLock;7;255.400576243674
bench_array_conc_append_ops.rb;22;LayoutLock;8;254.924823299618
bench_array_conc_append_ops.rb;22;LayoutLock;9;243.54811063961
bench_array_conc_append_ops.rb;22;LayoutLock;10;255.95102227078
bench_array_conc_append_ops.rb;24;LayoutLock;1;215.133891905424
bench_array_conc_append_ops.rb;24;LayoutLock;2;214.080980727608
bench_array_conc_append_ops.rb;24;LayoutLock;3;214.711870165933
bench_array_conc_append_ops.rb;24;LayoutLock;4;221.585015192303
bench_array_conc_append_ops.rb;24;LayoutLock;5;218.20904943085
bench_array_conc_append_ops.rb;24;LayoutLock;6;213.618521997023
bench_array_conc_append_ops.rb;24;LayoutLock;7;260.137587338223
bench_array_conc_append_ops.rb;24;LayoutLock;8;220.548310858945
bench_array_conc_append_ops.rb;24;LayoutLock;9;215.57187530368
bench_array_conc_append_ops.rb;24;LayoutLock;10;186.637682955998
bench_array_conc_append_ops.rb;28;LayoutLock;1;187.251935608924
bench_array_conc_append_ops.rb;28;LayoutLock;2;234.992301811764
bench_array_conc_append_ops.rb;28;LayoutLock;3;236.074762388954
bench_array_conc_append_ops.rb;28;LayoutLock;4;234.355498390902
bench_array_conc_append_ops.rb;28;LayoutLock;5;234.927769717365
bench_array_conc_append_ops.rb;28;LayoutLock;6;237.367831311705
bench_array_conc_append_ops.rb;28;LayoutLock;7;206.416481766329
bench_array_conc_append_ops.rb;28;LayoutLock;8;223.289170614004
bench_array_conc_append_ops.rb;28;LayoutLock;9;167.164399362031
bench_array_conc_append_ops.rb;28;LayoutLock;10;119.799451243756
bench_array_conc_append_ops.rb;32;LayoutLock;1;137.827179018873
bench_array_conc_append_ops.rb;32;LayoutLock;2;196.763672603093
bench_array_conc_append_ops.rb;32;LayoutLock;3;195.67680755886
bench_array_conc_append_ops.rb;32;LayoutLock;4;188.284937638822
bench_array_conc_append_ops.rb;32;LayoutLock;5;180.92999003717
bench_array_conc_append_ops.rb;32;LayoutLock;6;200.383462890074
bench_array_conc_append_ops.rb;32;LayoutLock;7;184.212403314851
bench_array_conc_append_ops.rb;32;LayoutLock;8;206.456505952834
bench_array_conc_append_ops.rb;32;LayoutLock;9;182.404149669607
bench_array_conc_append_ops.rb;32;LayoutLock;10;181.641202057691
bench_array_conc_append_ops.rb;36;LayoutLock;1;163.046707740241
bench_array_conc_append_ops.rb;36;LayoutLock;2;172.718064067604
bench_array_conc_append_ops.rb;36;LayoutLock;3;163.368774846648
bench_array_conc_append_ops.rb;36;LayoutLock;4;168.177890389936
bench_array_conc_append_ops.rb;36;LayoutLock;5;162.961628569976
bench_array_conc_append_ops.rb;36;LayoutLock;6;163.034683247023
bench_array_conc_append_ops.rb;36;LayoutLock;7;162.674921980853
bench_array_conc_append_ops.rb;36;LayoutLock;8;161.429200792921
bench_array_conc_append_ops.rb;36;LayoutLock;9;162.614595519472
bench_array_conc_append_ops.rb;36;LayoutLock;10;160.684218280856
bench_array_conc_append_ops.rb;40;LayoutLock;1;113.457615504626
bench_array_conc_append_ops.rb;40;LayoutLock;2;153.527094571182
bench_array_conc_append_ops.rb;40;LayoutLock;3;149.800979856099
bench_array_conc_append_ops.rb;40;LayoutLock;4;149.705193285295
bench_array_conc_append_ops.rb;40;LayoutLock;5;149.755687283462
bench_array_conc_append_ops.rb;40;LayoutLock;6;149.694341318487
bench_array_conc_append_ops.rb;40;LayoutLock;7;150.264135700151
bench_array_conc_append_ops.rb;40;LayoutLock;8;149.723659810781
bench_array_conc_append_ops.rb;40;LayoutLock;9;150.54878151014
bench_array_conc_append_ops.rb;40;LayoutLock;10;150.385278067247
bench_array_conc_append_ops.rb;44;LayoutLock;1;137.716739405526
bench_array_conc_append_ops.rb;44;LayoutLock;2;138.301853101314
bench_array_conc_append_ops.rb;44;LayoutLock;3;133.763720863928
bench_array_conc_append_ops.rb;44;LayoutLock;4;123.265523593225
bench_array_conc_append_ops.rb;44;LayoutLock;5;130.722663264382
bench_array_conc_append_ops.rb;44;LayoutLock;6;129.084767900197
bench_array_conc_append_ops.rb;44;LayoutLock;7;125.039668062486
bench_array_conc_append_ops.rb;44;LayoutLock;8;124.0584443156
bench_array_conc_append_ops.rb;44;LayoutLock;9;124.00988567789
bench_array_conc_append_ops.rb;44;LayoutLock;10;123.185736894321
bench_array_conc_append_ops.rb;1;Synchronized;1;19012.4256345759
bench_array_conc_append_ops.rb;1;Synchronized;2;31901.994893552
bench_array_conc_append_ops.rb;1;Synchronized;3;26608.0208381738
bench_array_conc_append_ops.rb;1;Synchronized;4;25595.7454798644
bench_array_conc_append_ops.rb;1;Synchronized;5;38956.3491016108
bench_array_conc_append_ops.rb;1;Synchronized;6;41218.9777819249
bench_array_conc_append_ops.rb;1;Synchronized;7;41808.7638767748
bench_array_conc_append_ops.rb;1;Synchronized;8;28676.60842075
bench_array_conc_append_ops.rb;1;Synchronized;9;25632.7949549338
bench_array_conc_append_ops.rb;1;Synchronized;10;25093.0032259518
bench_array_conc_append_ops.rb;2;Synchronized;1;5278.46325038821
bench_array_conc_append_ops.rb;2;Synchronized;2;5897.94970711513
bench_array_conc_append_ops.rb;2;Synchronized;3;6212.31050026494
bench_array_conc_append_ops.rb;2;Synchronized;4;6018.88301230352
bench_array_conc_append_ops.rb;2;Synchronized;5;6224.58827723419
bench_array_conc_append_ops.rb;2;Synchronized;6;4974.92128614815
bench_array_conc_append_ops.rb;2;Synchronized;7;8471.74618056399
bench_array_conc_append_ops.rb;2;Synchronized;8;5563.48966181069
bench_array_conc_append_ops.rb;2;Synchronized;9;6760.78030469221
bench_array_conc_append_ops.rb;2;Synchronized;10;6529.0074530279
bench_array_conc_append_ops.rb;4;Synchronized;1;3605.86562923816
bench_array_conc_append_ops.rb;4;Synchronized;2;3360.64897721266
bench_array_conc_append_ops.rb;4;Synchronized;3;6491.84407687589
bench_array_conc_append_ops.rb;4;Synchronized;4;4323.13135782508
bench_array_conc_append_ops.rb;4;Synchronized;5;6533.32355072936
bench_array_conc_append_ops.rb;4;Synchronized;6;6501.8097278005
bench_array_conc_append_ops.rb;4;Synchronized;7;5060.75276898258
bench_array_conc_append_ops.rb;4;Synchronized;8;6429.61001988141
bench_array_conc_append_ops.rb;4;Synchronized;9;5606.69957051044
bench_array_conc_append_ops.rb;4;Synchronized;10;6107.78198381042
bench_array_conc_append_ops.rb;8;Synchronized;1;2196.38186751382
bench_array_conc_append_ops.rb;8;Synchronized;2;2747.75671884034
bench_array_conc_append_ops.rb;8;Synchronized;3;3186.00539888824
bench_array_conc_append_ops.rb;8;Synchronized;4;7537.9357627476
bench_array_conc_append_ops.rb;8;Synchronized;5;4688.86417971907
bench_array_conc_append_ops.rb;8;Synchronized;6;3188.34908929133
bench_array_conc_append_ops.rb;8;Synchronized;7;3253.92788328332
bench_array_conc_append_ops.rb;8;Synchronized;8;3842.54846863422
bench_array_conc_append_ops.rb;8;Synchronized;9;3983.5766803829
bench_array_conc_append_ops.rb;8;Synchronized;10;7847.24433498922
bench_array_conc_append_ops.rb;12;Synchronized;1;3007.4992341821
bench_array_conc_append_ops.rb;12;Synchronized;2;3553.24308436335
bench_array_conc_append_ops.rb;12;Synchronized;3;4572.51971004371
bench_array_conc_append_ops.rb;12;Synchronized;4;4879.47158098369
bench_array_conc_append_ops.rb;12;Synchronized;5;5030.36884712091
bench_array_conc_append_ops.rb;12;Synchronized;6;6743.85676065781
bench_array_conc_append_ops.rb;12;Synchronized;7;6277.12469085415
bench_array_conc_append_ops.rb;12;Synchronized;8;7036.82248172231
bench_array_conc_append_ops.rb;12;Synchronized;9;6926.79635333864
bench_array_conc_append_ops.rb;12;Synchronized;10;5427.51435879975
bench_array_conc_append_ops.rb;16;Synchronized;1;5386.06526438065
bench_array_conc_append_ops.rb;16;Synchronized;2;5222.1751317089
bench_array_conc_append_ops.rb;16;Synchronized;3;4048.20861079275
bench_array_conc_append_ops.rb;16;Synchronized;4;10077.9986847679
bench_array_conc_append_ops.rb;16;Synchronized;5;9891.05571717114
bench_array_conc_append_ops.rb;16;Synchronized;6;10312.3322539577
bench_array_conc_append_ops.rb;16;Synchronized;7;10504.2183117409
bench_array_conc_append_ops.rb;16;Synchronized;8;9075.82768689577
bench_array_conc_append_ops.rb;16;Synchronized;9;10386.2909048343
bench_array_conc_append_ops.rb;16;Synchronized;10;10866.827505599
bench_array_conc_append_ops.rb;20;Synchronized;1;2271.91434067884
bench_array_conc_append_ops.rb;20;Synchronized;2;4705.24792937669
bench_array_conc_append_ops.rb;20;Synchronized;3;5092.30487814406
bench_array_conc_append_ops.rb;20;Synchronized;4;3965.67091207617
bench_array_conc_append_ops.rb;20;Synchronized;5;10014.5104868915
bench_array_conc_append_ops.rb;20;Synchronized;6;3978.23345204689
bench_array_conc_append_ops.rb;20;Synchronized;7;8202.86373939052
bench_array_conc_append_ops.rb;20;Synchronized;8;7446.55142047764
bench_array_conc_append_ops.rb;20;Synchronized;9;9485.94351915659
bench_array_conc_append_ops.rb;20;Synchronized;10;8176.58218516278
bench_array_conc_append_ops.rb;22;Synchronized;1;3669.71827189328
bench_array_conc_append_ops.rb;22;Synchronized;2;4034.72295590246
bench_array_conc_append_ops.rb;22;Synchronized;3;3999.95671406286
bench_array_conc_append_ops.rb;22;Synchronized;4;4311.56986361094
bench_array_conc_append_ops.rb;22;Synchronized;5;4561.64634917239
bench_array_conc_append_ops.rb;22;Synchronized;6;4559.77553416445
bench_array_conc_append_ops.rb;22;Synchronized;7;5080.59022743915
bench_array_conc_append_ops.rb;22;Synchronized;8;4236.75446316774
bench_array_conc_append_ops.rb;22;Synchronized;9;4034.37416312311
bench_array_conc_append_ops.rb;22;Synchronized;10;3931.38310245315
bench_array_conc_append_ops.rb;24;Synchronized;1;2643.62781636087
bench_array_conc_append_ops.rb;24;Synchronized;2;3619.96260760281
bench_array_conc_append_ops.rb;24;Synchronized;3;4399.98472669164
bench_array_conc_append_ops.rb;24;Synchronized;4;5005.9814319062
bench_array_conc_append_ops.rb;24;Synchronized;5;5313.84535099046
bench_array_conc_append_ops.rb;24;Synchronized;6;6496.22084280456
bench_array_conc_append_ops.rb;24;Synchronized;7;6334.65125492803
bench_array_conc_append_ops.rb;24;Synchronized;8;6463.77193819454
bench_array_conc_append_ops.rb;24;Synchronized;9;5696.63973725599
bench_array_conc_append_ops.rb;24;Synchronized;10;5383.18586217698
bench_array_conc_append_ops.rb;28;Synchronized;1;3098.41364247087
bench_array_conc_append_ops.rb;28;Synchronized;2;5097.24686596028
bench_array_conc_append_ops.rb;28;Synchronized;3;4830.98039083997
bench_array_conc_append_ops.rb;28;Synchronized;4;5335.86577838454
bench_array_conc_append_ops.rb;28;Synchronized;5;4855.59095039709
bench_array_conc_append_ops.rb;28;Synchronized;6;4653.26386219084
bench_array_conc_append_ops.rb;28;Synchronized;7;4366.84313737376
bench_array_conc_append_ops.rb;28;Synchronized;8;4290.38079818732
bench_array_conc_append_ops.rb;28;Synchronized;9;4517.23191176034
bench_array_conc_append_ops.rb;28;Synchronized;10;4688.60504280144
bench_array_conc_append_ops.rb;32;Synchronized;1;4558.07831610259
bench_array_conc_append_ops.rb;32;Synchronized;2;5342.64015824613
bench_array_conc_append_ops.rb;32;Synchronized;3;4782.14573265833
bench_array_conc_append_ops.rb;32;Synchronized;4;4473.18876141102
bench_array_conc_append_ops.rb;32;Synchronized;5;4011.55331412795
bench_array_conc_append_ops.rb;32;Synchronized;6;4009.75770973145
bench_array_conc_append_ops.rb;32;Synchronized;7;3843.00203854318
bench_array_conc_append_ops.rb;32;Synchronized;8;3554.81521377659
bench_array_conc_append_ops.rb;32;Synchronized;9;3635.37591165506
bench_array_conc_append_ops.rb;32;Synchronized;10;3585.58737634506
bench_array_conc_append_ops.rb;36;Synchronized;1;2953.37108876681
bench_array_conc_append_ops.rb;36;Synchronized;2;5248.92274024501
bench_array_conc_append_ops.rb;36;Synchronized;3;5093.97856219068
bench_array_conc_append_ops.rb;36;Synchronized;4;4936.09050378675
bench_array_conc_append_ops.rb;36;Synchronized;5;5490.58573064597
bench_array_conc_append_ops.rb;36;Synchronized;6;5645.42076473964
bench_array_conc_append_ops.rb;36;Synchronized;7;4964.32317159675
bench_array_conc_append_ops.rb;36;Synchronized;8;4425.29500832313
bench_array_conc_append_ops.rb;36;Synchronized;9;4973.90122631528
bench_array_conc_append_ops.rb;36;Synchronized;10;4980.73097845495
bench_array_conc_append_ops.rb;40;Synchronized;1;4428.75712272282
bench_array_conc_append_ops.rb;40;Synchronized;2;5084.68381812516
bench_array_conc_append_ops.rb;40;Synchronized;3;4549.31095804006
bench_array_conc_append_ops.rb;40;Synchronized;4;4920.64720153289
bench_array_conc_append_ops.rb;40;Synchronized;5;4823.92478697583
bench_array_conc_append_ops.rb;40;Synchronized;6;5286.33481867866
bench_array_conc_append_ops.rb;40;Synchronized;7;5076.75859945316
bench_array_conc_append_ops.rb;40;Synchronized;8;5161.07495662659
bench_array_conc_append_ops.rb;40;Synchronized;9;5102.98233124611
bench_array_conc_append_ops.rb;40;Synchronized;10;5385.15525082129
bench_array_conc_append_ops.rb;44;Synchronized;1;4208.46815648629
bench_array_conc_append_ops.rb;44;Synchronized;2;4988.91487476347
bench_array_conc_append_ops.rb;44;Synchronized;3;6101.92063894815
bench_array_conc_append_ops.rb;44;Synchronized;4;6422.38252910552
bench_array_conc_append_ops.rb;44;Synchronized;5;6339.6664537301
bench_array_conc_append_ops.rb;44;Synchronized;6;4463.63133216838
bench_array_conc_append_ops.rb;44;Synchronized;7;4315.92988833686
bench_array_conc_append_ops.rb;44;Synchronized;8;4246.06802626428
bench_array_conc_append_ops.rb;44;Synchronized;9;4143.49601475162
bench_array_conc_append_ops.rb;44;Synchronized;10;4096.52077123366
bench_array_conc_append_ops.rb;1;ReentrantLock;1;19244.2446622952
bench_array_conc_append_ops.rb;1;ReentrantLock;2;26769.8926044922
bench_array_conc_append_ops.rb;1;ReentrantLock;3;26652.8325685305
bench_array_conc_append_ops.rb;1;ReentrantLock;4;25409.4559911638
bench_array_conc_append_ops.rb;1;ReentrantLock;5;25466.5317193433
bench_array_conc_append_ops.rb;1;ReentrantLock;6;26161.8082584846
bench_array_conc_append_ops.rb;1;ReentrantLock;7;26394.3003671627
bench_array_conc_append_ops.rb;1;ReentrantLock;8;25566.3943772509
bench_array_conc_append_ops.rb;1;ReentrantLock;9;26535.3295406646
bench_array_conc_append_ops.rb;1;ReentrantLock;10;26159.8057847946
bench_array_conc_append_ops.rb;2;ReentrantLock;1;3491.85680357973
bench_array_conc_append_ops.rb;2;ReentrantLock;2;5075.16131465741
bench_array_conc_append_ops.rb;2;ReentrantLock;3;4239.72924307376
bench_array_conc_append_ops.rb;2;ReentrantLock;4;4140.61903143456
bench_array_conc_append_ops.rb;2;ReentrantLock;5;4385.80151029623
bench_array_conc_append_ops.rb;2;ReentrantLock;6;3515.88182771393
bench_array_conc_append_ops.rb;2;ReentrantLock;7;4298.46869578836
bench_array_conc_append_ops.rb;2;ReentrantLock;8;3584.02190959588
bench_array_conc_append_ops.rb;2;ReentrantLock;9;4407.19451613634
bench_array_conc_append_ops.rb;2;ReentrantLock;10;4149.64198783755
bench_array_conc_append_ops.rb;4;ReentrantLock;1;10666.7129067419
bench_array_conc_append_ops.rb;4;ReentrantLock;2;14252.8249485261
bench_array_conc_append_ops.rb;4;ReentrantLock;3;15346.7158745339
bench_array_conc_append_ops.rb;4;ReentrantLock;4;15505.9730956408
bench_array_conc_append_ops.rb;4;ReentrantLock;5;15744.1376201207
bench_array_conc_append_ops.rb;4;ReentrantLock;6;15374.9722580652
bench_array_conc_append_ops.rb;4;ReentrantLock;7;15538.6071256462
bench_array_conc_append_ops.rb;4;ReentrantLock;8;15529.0858682502
bench_array_conc_append_ops.rb;4;ReentrantLock;9;15418.1879481699
bench_array_conc_append_ops.rb;4;ReentrantLock;10;15481.7136377735
bench_array_conc_append_ops.rb;8;ReentrantLock;1;10831.1777052755
bench_array_conc_append_ops.rb;8;ReentrantLock;2;14554.2700856753
bench_array_conc_append_ops.rb;8;ReentrantLock;3;14439.3916853802
bench_array_conc_append_ops.rb;8;ReentrantLock;4;14792.6734746472
bench_array_conc_append_ops.rb;8;ReentrantLock;5;15255.768696158
bench_array_conc_append_ops.rb;8;ReentrantLock;6;14987.047919326
bench_array_conc_append_ops.rb;8;ReentrantLock;7;14991.7526995002
bench_array_conc_append_ops.rb;8;ReentrantLock;8;14870.8031087209
bench_array_conc_append_ops.rb;8;ReentrantLock;9;15142.4933780994
bench_array_conc_append_ops.rb;8;ReentrantLock;10;15054.4921735336
bench_array_conc_append_ops.rb;12;ReentrantLock;1;12358.0929989939
bench_array_conc_append_ops.rb;12;ReentrantLock;2;16964.8569896386
bench_array_conc_append_ops.rb;12;ReentrantLock;3;15994.5319385238
bench_array_conc_append_ops.rb;12;ReentrantLock;4;15473.5593210949
bench_array_conc_append_ops.rb;12;ReentrantLock;5;16263.567178707
bench_array_conc_append_ops.rb;12;ReentrantLock;6;16492.1043105281
bench_array_conc_append_ops.rb;12;ReentrantLock;7;15915.9718047319
bench_array_conc_append_ops.rb;12;ReentrantLock;8;16028.0370738464
bench_array_conc_append_ops.rb;12;ReentrantLock;9;15202.7391188203
bench_array_conc_append_ops.rb;12;ReentrantLock;10;16296.6282132885
bench_array_conc_append_ops.rb;16;ReentrantLock;1;13715.2366961944
bench_array_conc_append_ops.rb;16;ReentrantLock;2;20958.4302353963
bench_array_conc_append_ops.rb;16;ReentrantLock;3;23494.7671228274
bench_array_conc_append_ops.rb;16;ReentrantLock;4;25057.4515378079
bench_array_conc_append_ops.rb;16;ReentrantLock;5;19851.9550324621
bench_array_conc_append_ops.rb;16;ReentrantLock;6;25275.3466551432
bench_array_conc_append_ops.rb;16;ReentrantLock;7;22743.9260048233
bench_array_conc_append_ops.rb;16;ReentrantLock;8;19957.5539727606
bench_array_conc_append_ops.rb;16;ReentrantLock;9;15710.3171199647
bench_array_conc_append_ops.rb;16;ReentrantLock;10;22340.2786916979
bench_array_conc_append_ops.rb;20;ReentrantLock;1;13657.3901285306
bench_array_conc_append_ops.rb;20;ReentrantLock;2;19372.3655628864
bench_array_conc_append_ops.rb;20;ReentrantLock;3;22022.2274079535
bench_array_conc_append_ops.rb;20;ReentrantLock;4;24559.605027353
bench_array_conc_append_ops.rb;20;ReentrantLock;5;23498.6809773352
bench_array_conc_append_ops.rb;20;ReentrantLock;6;24000.6624180624
bench_array_conc_append_ops.rb;20;ReentrantLock;7;24271.0154320241
bench_array_conc_append_ops.rb;20;ReentrantLock;8;23926.8001078935
bench_array_conc_append_ops.rb;20;ReentrantLock;9;24568.1367886729
bench_array_conc_append_ops.rb;20;ReentrantLock;10;24348.6997638094
bench_array_conc_append_ops.rb;22;ReentrantLock;1;15576.5934961471
bench_array_conc_append_ops.rb;22;ReentrantLock;2;21925.6574666135
bench_array_conc_append_ops.rb;22;ReentrantLock;3;24318.2747295594
bench_array_conc_append_ops.rb;22;ReentrantLock;4;24007.4630204643
bench_array_conc_append_ops.rb;22;ReentrantLock;5;24258.2964619432
bench_array_conc_append_ops.rb;22;ReentrantLock;6;25487.7957081345
bench_array_conc_append_ops.rb;22;ReentrantLock;7;24267.6844765195
bench_array_conc_append_ops.rb;22;ReentrantLock;8;23905.6089360522
bench_array_conc_append_ops.rb;22;ReentrantLock;9;23959.8451007635
bench_array_conc_append_ops.rb;22;ReentrantLock;10;25456.2845790245
bench_array_conc_append_ops.rb;24;ReentrantLock;1;15724.9964652249
bench_array_conc_append_ops.rb;24;ReentrantLock;2;21737.6047738259
bench_array_conc_append_ops.rb;24;ReentrantLock;3;24107.8507828974
bench_array_conc_append_ops.rb;24;ReentrantLock;4;23788.2225857462
bench_array_conc_append_ops.rb;24;ReentrantLock;5;23603.2816055465
bench_array_conc_append_ops.rb;24;ReentrantLock;6;22267.3922343063
bench_array_conc_append_ops.rb;24;ReentrantLock;7;23691.0186434851
bench_array_conc_append_ops.rb;24;ReentrantLock;8;24131.6737403743
bench_array_conc_append_ops.rb;24;ReentrantLock;9;24571.0733886972
bench_array_conc_append_ops.rb;24;ReentrantLock;10;24664.4237521839
bench_array_conc_append_ops.rb;28;ReentrantLock;1;15662.1845439961
bench_array_conc_append_ops.rb;28;ReentrantLock;2;22140.359887088
bench_array_conc_append_ops.rb;28;ReentrantLock;3;24936.47533296
bench_array_conc_append_ops.rb;28;ReentrantLock;4;24541.5113037311
bench_array_conc_append_ops.rb;28;ReentrantLock;5;23658.9513085419
bench_array_conc_append_ops.rb;28;ReentrantLock;6;24862.9126845984
bench_array_conc_append_ops.rb;28;ReentrantLock;7;25022.6534785116
bench_array_conc_append_ops.rb;28;ReentrantLock;8;25003.69999891
bench_array_conc_append_ops.rb;28;ReentrantLock;9;24371.804652042
bench_array_conc_append_ops.rb;28;ReentrantLock;10;26123.2255087341
bench_array_conc_append_ops.rb;32;ReentrantLock;1;14827.0503948064
bench_array_conc_append_ops.rb;32;ReentrantLock;2;22597.0877867717
bench_array_conc_append_ops.rb;32;ReentrantLock;3;23508.1790186485
bench_array_conc_append_ops.rb;32;ReentrantLock;4;25269.3429960347
bench_array_conc_append_ops.rb;32;ReentrantLock;5;25128.220223405
bench_array_conc_append_ops.rb;32;ReentrantLock;6;25246.1030902821
bench_array_conc_append_ops.rb;32;ReentrantLock;7;25525.0044015002
bench_array_conc_append_ops.rb;32;ReentrantLock;8;24980.8141067958
bench_array_conc_append_ops.rb;32;ReentrantLock;9;25451.6842245183
bench_array_conc_append_ops.rb;32;ReentrantLock;10;25636.6041715781
bench_array_conc_append_ops.rb;36;ReentrantLock;1;14684.1996517548
bench_array_conc_append_ops.rb;36;ReentrantLock;2;21966.4721204371
bench_array_conc_append_ops.rb;36;ReentrantLock;3;24280.7655565593
bench_array_conc_append_ops.rb;36;ReentrantLock;4;24397.823225548
bench_array_conc_append_ops.rb;36;ReentrantLock;5;22649.0934549937
bench_array_conc_append_ops.rb;36;ReentrantLock;6;23684.5718008253
bench_array_conc_append_ops.rb;36;ReentrantLock;7;23747.8472101473
bench_array_conc_append_ops.rb;36;ReentrantLock;8;23522.5629113289
bench_array_conc_append_ops.rb;36;ReentrantLock;9;23171.0967475374
bench_array_conc_append_ops.rb;36;ReentrantLock;10;23652.8193170015
bench_array_conc_append_ops.rb;40;ReentrantLock;1;15141.9478255215
bench_array_conc_append_ops.rb;40;ReentrantLock;2;22722.8342012122
bench_array_conc_append_ops.rb;40;ReentrantLock;3;23858.9987825248
bench_array_conc_append_ops.rb;40;ReentrantLock;4;24622.9633861975
bench_array_conc_append_ops.rb;40;ReentrantLock;5;23523.276878166
bench_array_conc_append_ops.rb;40;ReentrantLock;6;23508.0439746527
bench_array_conc_append_ops.rb;40;ReentrantLock;7;24326.1200253534
bench_array_conc_append_ops.rb;40;ReentrantLock;8;24462.3593278306
bench_array_conc_append_ops.rb;40;ReentrantLock;9;25160.337069546
bench_array_conc_append_ops.rb;40;ReentrantLock;10;25025.8577742058
bench_array_conc_append_ops.rb;44;ReentrantLock;1;14101.8679456521
bench_array_conc_append_ops.rb;44;ReentrantLock;2;21704.9996410513
bench_array_conc_append_ops.rb;44;ReentrantLock;3;21409.3117116024
bench_array_conc_append_ops.rb;44;ReentrantLock;4;23921.0982083901
bench_array_conc_append_ops.rb;44;ReentrantLock;5;23975.5760126912
bench_array_conc_append_ops.rb;44;ReentrantLock;6;23975.4396965169
bench_array_conc_append_ops.rb;44;ReentrantLock;7;23845.048814345
bench_array_conc_append_ops.rb;44;ReentrantLock;8;24354.596948953
bench_array_conc_append_ops.rb;44;ReentrantLock;9;24555.0985091031
bench_array_conc_append_ops.rb;44;ReentrantLock;10;24535.9721107144
bench_array_conc_append_ops.rb;1;StampedLock;1;23323.3198801933
bench_array_conc_append_ops.rb;1;StampedLock;2;26744.2240332573
bench_array_conc_append_ops.rb;1;StampedLock;3;27115.8262150546
bench_array_conc_append_ops.rb;1;StampedLock;4;32558.9634468342
bench_array_conc_append_ops.rb;1;StampedLock;5;30855.0287246155
bench_array_conc_append_ops.rb;1;StampedLock;6;32042.3947743422
bench_array_conc_append_ops.rb;1;StampedLock;7;32401.7318636652
bench_array_conc_append_ops.rb;1;StampedLock;8;31513.1869006103
bench_array_conc_append_ops.rb;1;StampedLock;9;32831.8466027306
bench_array_conc_append_ops.rb;1;StampedLock;10;32809.4713199925
bench_array_conc_append_ops.rb;2;StampedLock;1;3946.74168617766
bench_array_conc_append_ops.rb;2;StampedLock;2;4334.26917146221
bench_array_conc_append_ops.rb;2;StampedLock;3;3999.56659155819
bench_array_conc_append_ops.rb;2;StampedLock;4;4432.99268261574
bench_array_conc_append_ops.rb;2;StampedLock;5;4587.97409857334
bench_array_conc_append_ops.rb;2;StampedLock;6;4781.0393606164
bench_array_conc_append_ops.rb;2;StampedLock;7;4451.25903614349
bench_array_conc_append_ops.rb;2;StampedLock;8;3838.53085418969
bench_array_conc_append_ops.rb;2;StampedLock;9;4300.91683469213
bench_array_conc_append_ops.rb;2;StampedLock;10;3389.63555753507
bench_array_conc_append_ops.rb;4;StampedLock;1;12180.0331702275
bench_array_conc_append_ops.rb;4;StampedLock;2;16172.6096633093
bench_array_conc_append_ops.rb;4;StampedLock;3;16570.1548886072
bench_array_conc_append_ops.rb;4;StampedLock;4;15811.3112163172
bench_array_conc_append_ops.rb;4;StampedLock;5;16798.8896013129
bench_array_conc_append_ops.rb;4;StampedLock;6;17162.4563176418
bench_array_conc_append_ops.rb;4;StampedLock;7;15969.4181049764
bench_array_conc_append_ops.rb;4;StampedLock;8;16730.6308424877
bench_array_conc_append_ops.rb;4;StampedLock;9;15433.5739113863
bench_array_conc_append_ops.rb;4;StampedLock;10;17686.4619179819
bench_array_conc_append_ops.rb;8;StampedLock;1;11700.4630786334
bench_array_conc_append_ops.rb;8;StampedLock;2;15593.0099513243
bench_array_conc_append_ops.rb;8;StampedLock;3;14953.951629818
bench_array_conc_append_ops.rb;8;StampedLock;4;15132.1499450105
bench_array_conc_append_ops.rb;8;StampedLock;5;14938.1727074568
bench_array_conc_append_ops.rb;8;StampedLock;6;15124.0408910824
bench_array_conc_append_ops.rb;8;StampedLock;7;13655.5994543902
bench_array_conc_append_ops.rb;8;StampedLock;8;15631.4086270849
bench_array_conc_append_ops.rb;8;StampedLock;9;15081.0050645439
bench_array_conc_append_ops.rb;8;StampedLock;10;14374.4182648387
bench_array_conc_append_ops.rb;12;StampedLock;1;9934.31384614799
bench_array_conc_append_ops.rb;12;StampedLock;2;13516.9837036252
bench_array_conc_append_ops.rb;12;StampedLock;3;14175.2606738805
bench_array_conc_append_ops.rb;12;StampedLock;4;14770.6384683399
bench_array_conc_append_ops.rb;12;StampedLock;5;14376.7552205017
bench_array_conc_append_ops.rb;12;StampedLock;6;13790.3258394746
bench_array_conc_append_ops.rb;12;StampedLock;7;14273.3514336666
bench_array_conc_append_ops.rb;12;StampedLock;8;14554.945645259
bench_array_conc_append_ops.rb;12;StampedLock;9;14008.2784670903
bench_array_conc_append_ops.rb;12;StampedLock;10;15106.4956961707
bench_array_conc_append_ops.rb;16;StampedLock;1;10380.9348810671
bench_array_conc_append_ops.rb;16;StampedLock;2;15029.7607232849
bench_array_conc_append_ops.rb;16;StampedLock;3;20955.6571170738
bench_array_conc_append_ops.rb;16;StampedLock;4;18400.0076159926
bench_array_conc_append_ops.rb;16;StampedLock;5;18335.8469058702
bench_array_conc_append_ops.rb;16;StampedLock;6;23350.2658904828
bench_array_conc_append_ops.rb;16;StampedLock;7;23560.3736424555
bench_array_conc_append_ops.rb;16;StampedLock;8;20510.9395008393
bench_array_conc_append_ops.rb;16;StampedLock;9;22993.2154048767
bench_array_conc_append_ops.rb;16;StampedLock;10;14702.9525555188
bench_array_conc_append_ops.rb;20;StampedLock;1;14496.7238739188
bench_array_conc_append_ops.rb;20;StampedLock;2;21762.549852555
bench_array_conc_append_ops.rb;20;StampedLock;3;25214.5265453327
bench_array_conc_append_ops.rb;20;StampedLock;4;25580.3589478155
bench_array_conc_append_ops.rb;20;StampedLock;5;24347.2048448186
bench_array_conc_append_ops.rb;20;StampedLock;6;26080.2463218224
bench_array_conc_append_ops.rb;20;StampedLock;7;25162.8323405581
bench_array_conc_append_ops.rb;20;StampedLock;8;25277.2828608125
bench_array_conc_append_ops.rb;20;StampedLock;9;25844.6470907019
bench_array_conc_append_ops.rb;20;StampedLock;10;26181.4148611498
bench_array_conc_append_ops.rb;22;StampedLock;1;15175.7922449496
bench_array_conc_append_ops.rb;22;StampedLock;2;22072.4112687143
bench_array_conc_append_ops.rb;22;StampedLock;3;25938.9812608276
bench_array_conc_append_ops.rb;22;StampedLock;4;25768.1842973324
bench_array_conc_append_ops.rb;22;StampedLock;5;25855.8399524878
bench_array_conc_append_ops.rb;22;StampedLock;6;24319.0179988316
bench_array_conc_append_ops.rb;22;StampedLock;7;25664.8499798014
bench_array_conc_append_ops.rb;22;StampedLock;8;25768.1533009682
bench_array_conc_append_ops.rb;22;StampedLock;9;25976.9559129709
bench_array_conc_append_ops.rb;22;StampedLock;10;25686.7231323516
bench_array_conc_append_ops.rb;24;StampedLock;1;16672.1448846938
bench_array_conc_append_ops.rb;24;StampedLock;2;23810.3503580747
bench_array_conc_append_ops.rb;24;StampedLock;3;23837.4480363186
bench_array_conc_append_ops.rb;24;StampedLock;4;26687.6939010718
bench_array_conc_append_ops.rb;24;StampedLock;5;26394.9153017958
bench_array_conc_append_ops.rb;24;StampedLock;6;25974.2511224174
bench_array_conc_append_ops.rb;24;StampedLock;7;22460.673200056
bench_array_conc_append_ops.rb;24;StampedLock;8;26218.4277486054
bench_array_conc_append_ops.rb;24;StampedLock;9;26181.3125155253
bench_array_conc_append_ops.rb;24;StampedLock;10;25822.4987687018
bench_array_conc_append_ops.rb;28;StampedLock;1;12667.7667452417
bench_array_conc_append_ops.rb;28;StampedLock;2;22260.8784675467
bench_array_conc_append_ops.rb;28;StampedLock;3;24889.993070819
bench_array_conc_append_ops.rb;28;StampedLock;4;24807.5625308698
bench_array_conc_append_ops.rb;28;StampedLock;5;24211.4526732471
bench_array_conc_append_ops.rb;28;StampedLock;6;26116.7342866936
bench_array_conc_append_ops.rb;28;StampedLock;7;25615.8612051123
bench_array_conc_append_ops.rb;28;StampedLock;8;25480.2277459003
bench_array_conc_append_ops.rb;28;StampedLock;9;25696.3629947501
bench_array_conc_append_ops.rb;28;StampedLock;10;25170.3086943753
bench_array_conc_append_ops.rb;32;StampedLock;1;15463.0359713063
bench_array_conc_append_ops.rb;32;StampedLock;2;23740.4811202887
bench_array_conc_append_ops.rb;32;StampedLock;3;24665.1799915199
bench_array_conc_append_ops.rb;32;StampedLock;4;26629.1915484302
bench_array_conc_append_ops.rb;32;StampedLock;5;26273.1804711514
bench_array_conc_append_ops.rb;32;StampedLock;6;26153.5090097964
bench_array_conc_append_ops.rb;32;StampedLock;7;25992.6743787912
bench_array_conc_append_ops.rb;32;StampedLock;8;26008.0548757729
bench_array_conc_append_ops.rb;32;StampedLock;9;26527.8014809795
bench_array_conc_append_ops.rb;32;StampedLock;10;26445.5273480912
bench_array_conc_append_ops.rb;36;StampedLock;1;15809.3730715088
bench_array_conc_append_ops.rb;36;StampedLock;2;22068.5823013991
bench_array_conc_append_ops.rb;36;StampedLock;3;25976.0990485728
bench_array_conc_append_ops.rb;36;StampedLock;4;26200.6058858455
bench_array_conc_append_ops.rb;36;StampedLock;5;24607.7879064246
bench_array_conc_append_ops.rb;36;StampedLock;6;26041.2087102017
bench_array_conc_append_ops.rb;36;StampedLock;7;25586.8956874625
bench_array_conc_append_ops.rb;36;StampedLock;8;25598.0377138974
bench_array_conc_append_ops.rb;36;StampedLock;9;25799.9696000661
bench_array_conc_append_ops.rb;36;StampedLock;10;26577.6838563386
bench_array_conc_append_ops.rb;40;StampedLock;1;14705.1219401783
bench_array_conc_append_ops.rb;40;StampedLock;2;22318.4707488625
bench_array_conc_append_ops.rb;40;StampedLock;3;25068.7596603886
bench_array_conc_append_ops.rb;40;StampedLock;4;25593.5624458655
bench_array_conc_append_ops.rb;40;StampedLock;5;25539.3526067525
bench_array_conc_append_ops.rb;40;StampedLock;6;23398.8282851538
bench_array_conc_append_ops.rb;40;StampedLock;7;25541.709772435
bench_array_conc_append_ops.rb;40;StampedLock;8;25337.3314447502
bench_array_conc_append_ops.rb;40;StampedLock;9;25409.9828745906
bench_array_conc_append_ops.rb;40;StampedLock;10;25941.6480241576
bench_array_conc_append_ops.rb;44;StampedLock;1;15176.4000867749
bench_array_conc_append_ops.rb;44;StampedLock;2;22797.1587213966
bench_array_conc_append_ops.rb;44;StampedLock;3;25173.573638928
bench_array_conc_append_ops.rb;44;StampedLock;4;24200.5687769663
bench_array_conc_append_ops.rb;44;StampedLock;5;25658.7806480535
bench_array_conc_append_ops.rb;44;StampedLock;6;25202.4441448758
bench_array_conc_append_ops.rb;44;StampedLock;7;25295.3951965325
bench_array_conc_append_ops.rb;44;StampedLock;8;25469.5223135328
bench_array_conc_append_ops.rb;44;StampedLock;9;24284.5135980611
bench_array_conc_append_ops.rb;44;StampedLock;10;24219.6304407477
