bench_array_conc_reads_ops.rb;1;FixedSize;1;4023.48183059834
bench_array_conc_reads_ops.rb;1;FixedSize;2;5387.06518032747
bench_array_conc_reads_ops.rb;1;FixedSize;3;5382.88944429288
bench_array_conc_reads_ops.rb;1;FixedSize;4;5360.58680357178
bench_array_conc_reads_ops.rb;1;FixedSize;5;5339.59346067197
bench_array_conc_reads_ops.rb;1;FixedSize;6;5358.93482943582
bench_array_conc_reads_ops.rb;1;FixedSize;7;5358.56323989264
bench_array_conc_reads_ops.rb;1;FixedSize;8;5360.9045531205
bench_array_conc_reads_ops.rb;1;FixedSize;9;5360.99248669545
bench_array_conc_reads_ops.rb;1;FixedSize;10;5359.64159335804
bench_array_conc_reads_ops.rb;2;FixedSize;1;8026.69580099825
bench_array_conc_reads_ops.rb;2;FixedSize;2;10748.920115312
bench_array_conc_reads_ops.rb;2;FixedSize;3;10781.9677311887
bench_array_conc_reads_ops.rb;2;FixedSize;4;10773.5204221208
bench_array_conc_reads_ops.rb;2;FixedSize;5;10774.0505558622
bench_array_conc_reads_ops.rb;2;FixedSize;6;10770.1225642299
bench_array_conc_reads_ops.rb;2;FixedSize;7;10772.5301870554
bench_array_conc_reads_ops.rb;2;FixedSize;8;10773.0804451138
bench_array_conc_reads_ops.rb;2;FixedSize;9;10774.9703987586
bench_array_conc_reads_ops.rb;2;FixedSize;10;10782.7373379466
bench_array_conc_reads_ops.rb;4;FixedSize;1;15424.9743294466
bench_array_conc_reads_ops.rb;4;FixedSize;2;21521.494848075
bench_array_conc_reads_ops.rb;4;FixedSize;3;21390.1720170625
bench_array_conc_reads_ops.rb;4;FixedSize;4;21543.2243640026
bench_array_conc_reads_ops.rb;4;FixedSize;5;21543.0020104405
bench_array_conc_reads_ops.rb;4;FixedSize;6;21547.9746062493
bench_array_conc_reads_ops.rb;4;FixedSize;7;21548.3972814722
bench_array_conc_reads_ops.rb;4;FixedSize;8;21550.8109782631
bench_array_conc_reads_ops.rb;4;FixedSize;9;21544.3143327318
bench_array_conc_reads_ops.rb;4;FixedSize;10;21550.9797955392
bench_array_conc_reads_ops.rb;8;FixedSize;1;30352.3526490965
bench_array_conc_reads_ops.rb;8;FixedSize;2;42887.2796359614
bench_array_conc_reads_ops.rb;8;FixedSize;3;42944.2928753745
bench_array_conc_reads_ops.rb;8;FixedSize;4;43069.0975324246
bench_array_conc_reads_ops.rb;8;FixedSize;5;43089.4266630631
bench_array_conc_reads_ops.rb;8;FixedSize;6;43098.0316021963
bench_array_conc_reads_ops.rb;8;FixedSize;7;43084.3446326383
bench_array_conc_reads_ops.rb;8;FixedSize;8;43096.8588551115
bench_array_conc_reads_ops.rb;8;FixedSize;9;43100.1936583523
bench_array_conc_reads_ops.rb;8;FixedSize;10;43101.3393505545
bench_array_conc_reads_ops.rb;12;FixedSize;1;42801.2150311377
bench_array_conc_reads_ops.rb;12;FixedSize;2;63054.6625346313
bench_array_conc_reads_ops.rb;12;FixedSize;3;64270.6928254827
bench_array_conc_reads_ops.rb;12;FixedSize;4;64614.8454727652
bench_array_conc_reads_ops.rb;12;FixedSize;5;64611.1679903088
bench_array_conc_reads_ops.rb;12;FixedSize;6;64644.5690467256
bench_array_conc_reads_ops.rb;12;FixedSize;7;64641.4231416859
bench_array_conc_reads_ops.rb;12;FixedSize;8;64645.5834068926
bench_array_conc_reads_ops.rb;12;FixedSize;9;64620.9599717115
bench_array_conc_reads_ops.rb;12;FixedSize;10;64632.6491791269
bench_array_conc_reads_ops.rb;16;FixedSize;1;52351.0749900208
bench_array_conc_reads_ops.rb;16;FixedSize;2;85664.1340100806
bench_array_conc_reads_ops.rb;16;FixedSize;3;86193.6686865209
bench_array_conc_reads_ops.rb;16;FixedSize;4;86190.8564074795
bench_array_conc_reads_ops.rb;16;FixedSize;5;86189.5723767765
bench_array_conc_reads_ops.rb;16;FixedSize;6;85756.6317113947
bench_array_conc_reads_ops.rb;16;FixedSize;7;86169.7988579955
bench_array_conc_reads_ops.rb;16;FixedSize;8;86153.8020355983
bench_array_conc_reads_ops.rb;16;FixedSize;9;86098.3330785565
bench_array_conc_reads_ops.rb;16;FixedSize;10;86195.8801663429
bench_array_conc_reads_ops.rb;20;FixedSize;1;46873.531592622
bench_array_conc_reads_ops.rb;20;FixedSize;2;106917.852617995
bench_array_conc_reads_ops.rb;20;FixedSize;3;107611.211010021
bench_array_conc_reads_ops.rb;20;FixedSize;4;107702.789879121
bench_array_conc_reads_ops.rb;20;FixedSize;5;107717.790606129
bench_array_conc_reads_ops.rb;20;FixedSize;6;107689.166269938
bench_array_conc_reads_ops.rb;20;FixedSize;7;107577.580724005
bench_array_conc_reads_ops.rb;20;FixedSize;8;107703.048117953
bench_array_conc_reads_ops.rb;20;FixedSize;9;107516.663990214
bench_array_conc_reads_ops.rb;20;FixedSize;10;107558.970085929
bench_array_conc_reads_ops.rb;22;FixedSize;1;68690.8592039796
bench_array_conc_reads_ops.rb;22;FixedSize;2;117750.764660876
bench_array_conc_reads_ops.rb;22;FixedSize;3;118487.333197289
bench_array_conc_reads_ops.rb;22;FixedSize;4;118488.111460294
bench_array_conc_reads_ops.rb;22;FixedSize;5;118491.340627787
bench_array_conc_reads_ops.rb;22;FixedSize;6;118522.348575786
bench_array_conc_reads_ops.rb;22;FixedSize;7;118238.313586651
bench_array_conc_reads_ops.rb;22;FixedSize;8;118525.919280074
bench_array_conc_reads_ops.rb;22;FixedSize;9;118513.89256692
bench_array_conc_reads_ops.rb;22;FixedSize;10;118475.149209366
bench_array_conc_reads_ops.rb;24;FixedSize;1;76561.2017124165
bench_array_conc_reads_ops.rb;24;FixedSize;2;128482.803683743
bench_array_conc_reads_ops.rb;24;FixedSize;3;129226.184835193
bench_array_conc_reads_ops.rb;24;FixedSize;4;129262.875167761
bench_array_conc_reads_ops.rb;24;FixedSize;5;129268.070737926
bench_array_conc_reads_ops.rb;24;FixedSize;6;128713.037050879
bench_array_conc_reads_ops.rb;24;FixedSize;7;129307.016393127
bench_array_conc_reads_ops.rb;24;FixedSize;8;128862.184229695
bench_array_conc_reads_ops.rb;24;FixedSize;9;129271.668640975
bench_array_conc_reads_ops.rb;24;FixedSize;10;127311.704511295
bench_array_conc_reads_ops.rb;28;FixedSize;1;89709.4123528558
bench_array_conc_reads_ops.rb;28;FixedSize;2;147340.947776277
bench_array_conc_reads_ops.rb;28;FixedSize;3;150668.861516931
bench_array_conc_reads_ops.rb;28;FixedSize;4;149950.315837574
bench_array_conc_reads_ops.rb;28;FixedSize;5;150047.374230994
bench_array_conc_reads_ops.rb;28;FixedSize;6;150798.582481912
bench_array_conc_reads_ops.rb;28;FixedSize;7;150762.601647982
bench_array_conc_reads_ops.rb;28;FixedSize;8;150576.382304084
bench_array_conc_reads_ops.rb;28;FixedSize;9;137558.586050177
bench_array_conc_reads_ops.rb;28;FixedSize;10;150671.393522725
bench_array_conc_reads_ops.rb;32;FixedSize;1;85577.2299340612
bench_array_conc_reads_ops.rb;32;FixedSize;2;162110.728669298
bench_array_conc_reads_ops.rb;32;FixedSize;3;142335.261668475
bench_array_conc_reads_ops.rb;32;FixedSize;4;168443.146085473
bench_array_conc_reads_ops.rb;32;FixedSize;5;171960.525477821
bench_array_conc_reads_ops.rb;32;FixedSize;6;147484.803696964
bench_array_conc_reads_ops.rb;32;FixedSize;7;148131.835137783
bench_array_conc_reads_ops.rb;32;FixedSize;8;172230.443989352
bench_array_conc_reads_ops.rb;32;FixedSize;9;146167.475539638
bench_array_conc_reads_ops.rb;32;FixedSize;10;147403.954921134
bench_array_conc_reads_ops.rb;36;FixedSize;1;67422.4647890979
bench_array_conc_reads_ops.rb;36;FixedSize;2;190681.548261798
bench_array_conc_reads_ops.rb;36;FixedSize;3;193339.401647368
bench_array_conc_reads_ops.rb;36;FixedSize;4;193130.940187466
bench_array_conc_reads_ops.rb;36;FixedSize;5;193011.210662163
bench_array_conc_reads_ops.rb;36;FixedSize;6;175421.624417254
bench_array_conc_reads_ops.rb;36;FixedSize;7;193817.770722806
bench_array_conc_reads_ops.rb;36;FixedSize;8;192707.574162458
bench_array_conc_reads_ops.rb;36;FixedSize;9;193330.45963077
bench_array_conc_reads_ops.rb;36;FixedSize;10;193494.813742767
bench_array_conc_reads_ops.rb;40;FixedSize;1;89732.5014082004
bench_array_conc_reads_ops.rb;40;FixedSize;2;197037.121694507
bench_array_conc_reads_ops.rb;40;FixedSize;3;153409.605951148
bench_array_conc_reads_ops.rb;40;FixedSize;4;205706.912377057
bench_array_conc_reads_ops.rb;40;FixedSize;5;145678.058188803
bench_array_conc_reads_ops.rb;40;FixedSize;6;188238.56830478
bench_array_conc_reads_ops.rb;40;FixedSize;7;214702.14140119
bench_array_conc_reads_ops.rb;40;FixedSize;8;214952.56411644
bench_array_conc_reads_ops.rb;40;FixedSize;9;215066.642324402
bench_array_conc_reads_ops.rb;40;FixedSize;10;215269.149389985
bench_array_conc_reads_ops.rb;44;FixedSize;1;115561.403413851
bench_array_conc_reads_ops.rb;44;FixedSize;2;225084.448526476
bench_array_conc_reads_ops.rb;44;FixedSize;3;233935.658575508
bench_array_conc_reads_ops.rb;44;FixedSize;4;185319.741167891
bench_array_conc_reads_ops.rb;44;FixedSize;5;230691.85464684
bench_array_conc_reads_ops.rb;44;FixedSize;6;231763.791098348
bench_array_conc_reads_ops.rb;44;FixedSize;7;231057.755421914
bench_array_conc_reads_ops.rb;44;FixedSize;8;231129.446498941
bench_array_conc_reads_ops.rb;44;FixedSize;9;235126.036144413
bench_array_conc_reads_ops.rb;44;FixedSize;10;197667.970444269
bench_array_conc_reads_ops.rb;1;FastLayoutLock;1;1307.40275649811
bench_array_conc_reads_ops.rb;1;FastLayoutLock;2;1810.32528570363
bench_array_conc_reads_ops.rb;1;FastLayoutLock;3;1806.40769556318
bench_array_conc_reads_ops.rb;1;FastLayoutLock;4;1810.55571636078
bench_array_conc_reads_ops.rb;1;FastLayoutLock;5;1812.38735112058
bench_array_conc_reads_ops.rb;1;FastLayoutLock;6;1812.22756913677
bench_array_conc_reads_ops.rb;1;FastLayoutLock;7;1812.17260676545
bench_array_conc_reads_ops.rb;1;FastLayoutLock;8;1810.25237972772
bench_array_conc_reads_ops.rb;1;FastLayoutLock;9;1810.66743418891
bench_array_conc_reads_ops.rb;1;FastLayoutLock;10;1811.54284931561
bench_array_conc_reads_ops.rb;2;FastLayoutLock;1;2676.94030336755
bench_array_conc_reads_ops.rb;2;FastLayoutLock;2;3609.72690073976
bench_array_conc_reads_ops.rb;2;FastLayoutLock;3;3592.10956067484
bench_array_conc_reads_ops.rb;2;FastLayoutLock;4;3606.69088890545
bench_array_conc_reads_ops.rb;2;FastLayoutLock;5;3606.05118605077
bench_array_conc_reads_ops.rb;2;FastLayoutLock;6;3606.17869000023
bench_array_conc_reads_ops.rb;2;FastLayoutLock;7;3606.00563951877
bench_array_conc_reads_ops.rb;2;FastLayoutLock;8;3606.84904931862
bench_array_conc_reads_ops.rb;2;FastLayoutLock;9;3606.47301543769
bench_array_conc_reads_ops.rb;2;FastLayoutLock;10;3606.99187859507
bench_array_conc_reads_ops.rb;4;FastLayoutLock;1;4877.82945344617
bench_array_conc_reads_ops.rb;4;FastLayoutLock;2;7212.43292844955
bench_array_conc_reads_ops.rb;4;FastLayoutLock;3;7213.33513402857
bench_array_conc_reads_ops.rb;4;FastLayoutLock;4;7214.48965365172
bench_array_conc_reads_ops.rb;4;FastLayoutLock;5;7214.82034256469
bench_array_conc_reads_ops.rb;4;FastLayoutLock;6;7215.50363426206
bench_array_conc_reads_ops.rb;4;FastLayoutLock;7;7211.37097927466
bench_array_conc_reads_ops.rb;4;FastLayoutLock;8;7214.66353956148
bench_array_conc_reads_ops.rb;4;FastLayoutLock;9;7216.46481364018
bench_array_conc_reads_ops.rb;4;FastLayoutLock;10;7217.49378440931
bench_array_conc_reads_ops.rb;8;FastLayoutLock;1;9717.13414482783
bench_array_conc_reads_ops.rb;8;FastLayoutLock;2;14303.5948240095
bench_array_conc_reads_ops.rb;8;FastLayoutLock;3;13577.3451413941
bench_array_conc_reads_ops.rb;8;FastLayoutLock;4;14379.5953691413
bench_array_conc_reads_ops.rb;8;FastLayoutLock;5;14380.1299399026
bench_array_conc_reads_ops.rb;8;FastLayoutLock;6;14383.0207098215
bench_array_conc_reads_ops.rb;8;FastLayoutLock;7;14381.3016408884
bench_array_conc_reads_ops.rb;8;FastLayoutLock;8;14381.5050130616
bench_array_conc_reads_ops.rb;8;FastLayoutLock;9;14379.027634497
bench_array_conc_reads_ops.rb;8;FastLayoutLock;10;14361.4370618387
bench_array_conc_reads_ops.rb;12;FastLayoutLock;1;14903.2585791024
bench_array_conc_reads_ops.rb;12;FastLayoutLock;2;21575.9942835298
bench_array_conc_reads_ops.rb;12;FastLayoutLock;3;21580.7599606407
bench_array_conc_reads_ops.rb;12;FastLayoutLock;4;21563.724197447
bench_array_conc_reads_ops.rb;12;FastLayoutLock;5;21480.30381854
bench_array_conc_reads_ops.rb;12;FastLayoutLock;6;21497.1693697763
bench_array_conc_reads_ops.rb;12;FastLayoutLock;7;21576.7889917908
bench_array_conc_reads_ops.rb;12;FastLayoutLock;8;21372.1591768897
bench_array_conc_reads_ops.rb;12;FastLayoutLock;9;20828.425899335
bench_array_conc_reads_ops.rb;12;FastLayoutLock;10;21484.2254058195
bench_array_conc_reads_ops.rb;16;FastLayoutLock;1;16037.4994177206
bench_array_conc_reads_ops.rb;16;FastLayoutLock;2;28810.8150836617
bench_array_conc_reads_ops.rb;16;FastLayoutLock;3;28760.5495970652
bench_array_conc_reads_ops.rb;16;FastLayoutLock;4;28689.4343004392
bench_array_conc_reads_ops.rb;16;FastLayoutLock;5;28774.1923767343
bench_array_conc_reads_ops.rb;16;FastLayoutLock;6;28778.1671511221
bench_array_conc_reads_ops.rb;16;FastLayoutLock;7;28768.6191091541
bench_array_conc_reads_ops.rb;16;FastLayoutLock;8;28733.2795995976
bench_array_conc_reads_ops.rb;16;FastLayoutLock;9;28727.6919852482
bench_array_conc_reads_ops.rb;16;FastLayoutLock;10;28795.0705052938
bench_array_conc_reads_ops.rb;20;FastLayoutLock;1;23989.4109543839
bench_array_conc_reads_ops.rb;20;FastLayoutLock;2;36005.1435218543
bench_array_conc_reads_ops.rb;20;FastLayoutLock;3;35975.6059725497
bench_array_conc_reads_ops.rb;20;FastLayoutLock;4;35986.9091973312
bench_array_conc_reads_ops.rb;20;FastLayoutLock;5;36006.6881455206
bench_array_conc_reads_ops.rb;20;FastLayoutLock;6;35982.4160341618
bench_array_conc_reads_ops.rb;20;FastLayoutLock;7;35977.0819207261
bench_array_conc_reads_ops.rb;20;FastLayoutLock;8;35902.8728604306
bench_array_conc_reads_ops.rb;20;FastLayoutLock;9;35946.3859362977
bench_array_conc_reads_ops.rb;20;FastLayoutLock;10;35970.9820964103
bench_array_conc_reads_ops.rb;22;FastLayoutLock;1;15491.710095516
bench_array_conc_reads_ops.rb;22;FastLayoutLock;2;39360.156800595
bench_array_conc_reads_ops.rb;22;FastLayoutLock;3;39335.0884360964
bench_array_conc_reads_ops.rb;22;FastLayoutLock;4;39290.7492434094
bench_array_conc_reads_ops.rb;22;FastLayoutLock;5;39360.3927816646
bench_array_conc_reads_ops.rb;22;FastLayoutLock;6;39317.5003599395
bench_array_conc_reads_ops.rb;22;FastLayoutLock;7;39274.228972281
bench_array_conc_reads_ops.rb;22;FastLayoutLock;8;39417.8932096172
bench_array_conc_reads_ops.rb;22;FastLayoutLock;9;39446.9523891121
bench_array_conc_reads_ops.rb;22;FastLayoutLock;10;39421.1245737797
bench_array_conc_reads_ops.rb;24;FastLayoutLock;1;27437.6526949436
bench_array_conc_reads_ops.rb;24;FastLayoutLock;2;43057.6038818018
bench_array_conc_reads_ops.rb;24;FastLayoutLock;3;42969.629752087
bench_array_conc_reads_ops.rb;24;FastLayoutLock;4;43047.7797787211
bench_array_conc_reads_ops.rb;24;FastLayoutLock;5;43179.6020766348
bench_array_conc_reads_ops.rb;24;FastLayoutLock;6;43063.9550935545
bench_array_conc_reads_ops.rb;24;FastLayoutLock;7;43174.5053824525
bench_array_conc_reads_ops.rb;24;FastLayoutLock;8;43074.6271691996
bench_array_conc_reads_ops.rb;24;FastLayoutLock;9;43040.8223521021
bench_array_conc_reads_ops.rb;24;FastLayoutLock;10;43223.0895252257
bench_array_conc_reads_ops.rb;28;FastLayoutLock;1;21599.0640526986
bench_array_conc_reads_ops.rb;28;FastLayoutLock;2;50184.6408374913
bench_array_conc_reads_ops.rb;28;FastLayoutLock;3;50153.5005712368
bench_array_conc_reads_ops.rb;28;FastLayoutLock;4;49522.5926091041
bench_array_conc_reads_ops.rb;28;FastLayoutLock;5;50128.9432527512
bench_array_conc_reads_ops.rb;28;FastLayoutLock;6;50073.4538664248
bench_array_conc_reads_ops.rb;28;FastLayoutLock;7;50088.6814755578
bench_array_conc_reads_ops.rb;28;FastLayoutLock;8;50104.6398603933
bench_array_conc_reads_ops.rb;28;FastLayoutLock;9;50059.107631279
bench_array_conc_reads_ops.rb;28;FastLayoutLock;10;49936.3524195951
bench_array_conc_reads_ops.rb;32;FastLayoutLock;1;28192.8652247072
bench_array_conc_reads_ops.rb;32;FastLayoutLock;2;57170.6418779661
bench_array_conc_reads_ops.rb;32;FastLayoutLock;3;57184.268193326
bench_array_conc_reads_ops.rb;32;FastLayoutLock;4;57397.5776713045
bench_array_conc_reads_ops.rb;32;FastLayoutLock;5;57340.7145426653
bench_array_conc_reads_ops.rb;32;FastLayoutLock;6;57436.6208877532
bench_array_conc_reads_ops.rb;32;FastLayoutLock;7;56519.9049775304
bench_array_conc_reads_ops.rb;32;FastLayoutLock;8;57460.958317152
bench_array_conc_reads_ops.rb;32;FastLayoutLock;9;50494.0651484595
bench_array_conc_reads_ops.rb;32;FastLayoutLock;10;57551.6968301141
bench_array_conc_reads_ops.rb;36;FastLayoutLock;1;33858.6875162991
bench_array_conc_reads_ops.rb;36;FastLayoutLock;2;63944.6075712056
bench_array_conc_reads_ops.rb;36;FastLayoutLock;3;64430.5828246359
bench_array_conc_reads_ops.rb;36;FastLayoutLock;4;64242.1645321027
bench_array_conc_reads_ops.rb;36;FastLayoutLock;5;64169.023223571
bench_array_conc_reads_ops.rb;36;FastLayoutLock;6;61018.6234956336
bench_array_conc_reads_ops.rb;36;FastLayoutLock;7;64438.91200559
bench_array_conc_reads_ops.rb;36;FastLayoutLock;8;64107.6532464682
bench_array_conc_reads_ops.rb;36;FastLayoutLock;9;64587.185841559
bench_array_conc_reads_ops.rb;36;FastLayoutLock;10;64768.4881203549
bench_array_conc_reads_ops.rb;40;FastLayoutLock;1;28892.9831210863
bench_array_conc_reads_ops.rb;40;FastLayoutLock;2;63743.8527724208
bench_array_conc_reads_ops.rb;40;FastLayoutLock;3;71910.5777910281
bench_array_conc_reads_ops.rb;40;FastLayoutLock;4;71924.9151865514
bench_array_conc_reads_ops.rb;40;FastLayoutLock;5;71966.0698176123
bench_array_conc_reads_ops.rb;40;FastLayoutLock;6;71511.9588544176
bench_array_conc_reads_ops.rb;40;FastLayoutLock;7;71380.4227259718
bench_array_conc_reads_ops.rb;40;FastLayoutLock;8;71956.7624646889
bench_array_conc_reads_ops.rb;40;FastLayoutLock;9;70845.4099935408
bench_array_conc_reads_ops.rb;40;FastLayoutLock;10;62657.5483215998
bench_array_conc_reads_ops.rb;44;FastLayoutLock;1;27528.9738196917
bench_array_conc_reads_ops.rb;44;FastLayoutLock;2;66554.2799643544
bench_array_conc_reads_ops.rb;44;FastLayoutLock;3;76983.9392110482
bench_array_conc_reads_ops.rb;44;FastLayoutLock;4;76958.9443471443
bench_array_conc_reads_ops.rb;44;FastLayoutLock;5;76221.7925073343
bench_array_conc_reads_ops.rb;44;FastLayoutLock;6;77683.5812987508
bench_array_conc_reads_ops.rb;44;FastLayoutLock;7;62042.3212526425
bench_array_conc_reads_ops.rb;44;FastLayoutLock;8;78717.0752585233
bench_array_conc_reads_ops.rb;44;FastLayoutLock;9;78557.3946615763
bench_array_conc_reads_ops.rb;44;FastLayoutLock;10;78123.1631208967
bench_array_conc_reads_ops.rb;1;LayoutLock;1;1460.01299644838
bench_array_conc_reads_ops.rb;1;LayoutLock;2;1971.93352870798
bench_array_conc_reads_ops.rb;1;LayoutLock;3;1970.37407922786
bench_array_conc_reads_ops.rb;1;LayoutLock;4;1974.78914005408
bench_array_conc_reads_ops.rb;1;LayoutLock;5;1973.87327741157
bench_array_conc_reads_ops.rb;1;LayoutLock;6;1975.64004125543
bench_array_conc_reads_ops.rb;1;LayoutLock;7;1975.17669515949
bench_array_conc_reads_ops.rb;1;LayoutLock;8;1974.27572821453
bench_array_conc_reads_ops.rb;1;LayoutLock;9;1975.50240161282
bench_array_conc_reads_ops.rb;1;LayoutLock;10;1974.60960709936
bench_array_conc_reads_ops.rb;2;LayoutLock;1;2879.72546026008
bench_array_conc_reads_ops.rb;2;LayoutLock;2;3900.28454076274
bench_array_conc_reads_ops.rb;2;LayoutLock;3;3915.20614354747
bench_array_conc_reads_ops.rb;2;LayoutLock;4;3914.72116161993
bench_array_conc_reads_ops.rb;2;LayoutLock;5;3915.25274206585
bench_array_conc_reads_ops.rb;2;LayoutLock;6;3919.82533111374
bench_array_conc_reads_ops.rb;2;LayoutLock;7;3916.66009049385
bench_array_conc_reads_ops.rb;2;LayoutLock;8;3916.82098016376
bench_array_conc_reads_ops.rb;2;LayoutLock;9;3920.21838156698
bench_array_conc_reads_ops.rb;2;LayoutLock;10;3914.09428427738
bench_array_conc_reads_ops.rb;4;LayoutLock;1;4116.66855132501
bench_array_conc_reads_ops.rb;4;LayoutLock;2;6180.82367494924
bench_array_conc_reads_ops.rb;4;LayoutLock;3;6133.74704232563
bench_array_conc_reads_ops.rb;4;LayoutLock;4;6138.67973559209
bench_array_conc_reads_ops.rb;4;LayoutLock;5;6138.69229523101
bench_array_conc_reads_ops.rb;4;LayoutLock;6;6138.90440175678
bench_array_conc_reads_ops.rb;4;LayoutLock;7;6088.27361831348
bench_array_conc_reads_ops.rb;4;LayoutLock;8;6140.16074922207
bench_array_conc_reads_ops.rb;4;LayoutLock;9;6136.86901994722
bench_array_conc_reads_ops.rb;4;LayoutLock;10;6092.99446401459
bench_array_conc_reads_ops.rb;8;LayoutLock;1;8358.44491647591
bench_array_conc_reads_ops.rb;8;LayoutLock;2;12300.7785066492
bench_array_conc_reads_ops.rb;8;LayoutLock;3;12415.1647823037
bench_array_conc_reads_ops.rb;8;LayoutLock;4;12417.7519977349
bench_array_conc_reads_ops.rb;8;LayoutLock;5;12364.1538508185
bench_array_conc_reads_ops.rb;8;LayoutLock;6;12418.0491554163
bench_array_conc_reads_ops.rb;8;LayoutLock;7;12418.2056972158
bench_array_conc_reads_ops.rb;8;LayoutLock;8;12421.6019014497
bench_array_conc_reads_ops.rb;8;LayoutLock;9;12405.1325688871
bench_array_conc_reads_ops.rb;8;LayoutLock;10;12407.3096147391
bench_array_conc_reads_ops.rb;12;LayoutLock;1;12319.5682093409
bench_array_conc_reads_ops.rb;12;LayoutLock;2;18457.2296813338
bench_array_conc_reads_ops.rb;12;LayoutLock;3;18371.3323157456
bench_array_conc_reads_ops.rb;12;LayoutLock;4;18580.3096023482
bench_array_conc_reads_ops.rb;12;LayoutLock;5;18623.0228808086
bench_array_conc_reads_ops.rb;12;LayoutLock;6;18625.3574829168
bench_array_conc_reads_ops.rb;12;LayoutLock;7;18638.1001916089
bench_array_conc_reads_ops.rb;12;LayoutLock;8;18626.4945859762
bench_array_conc_reads_ops.rb;12;LayoutLock;9;18625.8517993436
bench_array_conc_reads_ops.rb;12;LayoutLock;10;18632.8653508791
bench_array_conc_reads_ops.rb;16;LayoutLock;1;14824.4651224312
bench_array_conc_reads_ops.rb;16;LayoutLock;2;24697.528945198
bench_array_conc_reads_ops.rb;16;LayoutLock;3;24825.8983979673
bench_array_conc_reads_ops.rb;16;LayoutLock;4;24789.0160948498
bench_array_conc_reads_ops.rb;16;LayoutLock;5;24829.7293921768
bench_array_conc_reads_ops.rb;16;LayoutLock;6;24842.5156960724
bench_array_conc_reads_ops.rb;16;LayoutLock;7;24849.0213706933
bench_array_conc_reads_ops.rb;16;LayoutLock;8;24842.8477052229
bench_array_conc_reads_ops.rb;16;LayoutLock;9;24800.9356918752
bench_array_conc_reads_ops.rb;16;LayoutLock;10;24845.8506979409
bench_array_conc_reads_ops.rb;20;LayoutLock;1;13289.5911535505
bench_array_conc_reads_ops.rb;20;LayoutLock;2;30729.5695272957
bench_array_conc_reads_ops.rb;20;LayoutLock;3;30959.5031169699
bench_array_conc_reads_ops.rb;20;LayoutLock;4;30970.6804168656
bench_array_conc_reads_ops.rb;20;LayoutLock;5;31017.8075727684
bench_array_conc_reads_ops.rb;20;LayoutLock;6;30970.2446587121
bench_array_conc_reads_ops.rb;20;LayoutLock;7;31024.4269917009
bench_array_conc_reads_ops.rb;20;LayoutLock;8;31019.6097269226
bench_array_conc_reads_ops.rb;20;LayoutLock;9;30992.6333993084
bench_array_conc_reads_ops.rb;20;LayoutLock;10;31035.7189307014
bench_array_conc_reads_ops.rb;22;LayoutLock;1;22125.5495304773
bench_array_conc_reads_ops.rb;22;LayoutLock;2;33865.0804487726
bench_array_conc_reads_ops.rb;22;LayoutLock;3;34069.978698506
bench_array_conc_reads_ops.rb;22;LayoutLock;4;34156.9037012374
bench_array_conc_reads_ops.rb;22;LayoutLock;5;34115.4344378011
bench_array_conc_reads_ops.rb;22;LayoutLock;6;34110.3759055291
bench_array_conc_reads_ops.rb;22;LayoutLock;7;33907.6264841471
bench_array_conc_reads_ops.rb;22;LayoutLock;8;34164.4990066169
bench_array_conc_reads_ops.rb;22;LayoutLock;9;34032.2246493881
bench_array_conc_reads_ops.rb;22;LayoutLock;10;34135.0044836217
bench_array_conc_reads_ops.rb;24;LayoutLock;1;21435.3033103764
bench_array_conc_reads_ops.rb;24;LayoutLock;2;36848.2223548437
bench_array_conc_reads_ops.rb;24;LayoutLock;3;37141.8122763384
bench_array_conc_reads_ops.rb;24;LayoutLock;4;37122.2484467273
bench_array_conc_reads_ops.rb;24;LayoutLock;5;37160.3437246949
bench_array_conc_reads_ops.rb;24;LayoutLock;6;37176.8087917752
bench_array_conc_reads_ops.rb;24;LayoutLock;7;37179.1098173781
bench_array_conc_reads_ops.rb;24;LayoutLock;8;37087.5015578201
bench_array_conc_reads_ops.rb;24;LayoutLock;9;37163.7995249541
bench_array_conc_reads_ops.rb;24;LayoutLock;10;37167.5435722026
bench_array_conc_reads_ops.rb;28;LayoutLock;1;14232.6628369005
bench_array_conc_reads_ops.rb;28;LayoutLock;2;43116.7363693232
bench_array_conc_reads_ops.rb;28;LayoutLock;3;43423.958946833
bench_array_conc_reads_ops.rb;28;LayoutLock;4;41668.3621345821
bench_array_conc_reads_ops.rb;28;LayoutLock;5;42704.5744104409
bench_array_conc_reads_ops.rb;28;LayoutLock;6;41899.5109487504
bench_array_conc_reads_ops.rb;28;LayoutLock;7;43391.4680745333
bench_array_conc_reads_ops.rb;28;LayoutLock;8;42030.9048131059
bench_array_conc_reads_ops.rb;28;LayoutLock;9;43306.0479116476
bench_array_conc_reads_ops.rb;28;LayoutLock;10;43355.3957109305
bench_array_conc_reads_ops.rb;32;LayoutLock;1;26141.0446575922
bench_array_conc_reads_ops.rb;32;LayoutLock;2;49139.0960757381
bench_array_conc_reads_ops.rb;32;LayoutLock;3;49438.1872545297
bench_array_conc_reads_ops.rb;32;LayoutLock;4;49255.7668982584
bench_array_conc_reads_ops.rb;32;LayoutLock;5;49594.3253757283
bench_array_conc_reads_ops.rb;32;LayoutLock;6;49324.7689443474
bench_array_conc_reads_ops.rb;32;LayoutLock;7;49487.8642537686
bench_array_conc_reads_ops.rb;32;LayoutLock;8;49388.6157249009
bench_array_conc_reads_ops.rb;32;LayoutLock;9;49415.1377868665
bench_array_conc_reads_ops.rb;32;LayoutLock;10;49650.0469520896
bench_array_conc_reads_ops.rb;36;LayoutLock;1;23028.298756158
bench_array_conc_reads_ops.rb;36;LayoutLock;2;54884.7025572323
bench_array_conc_reads_ops.rb;36;LayoutLock;3;55866.918697394
bench_array_conc_reads_ops.rb;36;LayoutLock;4;55743.0784272109
bench_array_conc_reads_ops.rb;36;LayoutLock;5;55870.3855554377
bench_array_conc_reads_ops.rb;36;LayoutLock;6;55422.9699099816
bench_array_conc_reads_ops.rb;36;LayoutLock;7;55733.9090682172
bench_array_conc_reads_ops.rb;36;LayoutLock;8;52933.3791857201
bench_array_conc_reads_ops.rb;36;LayoutLock;9;55743.9585960946
bench_array_conc_reads_ops.rb;36;LayoutLock;10;41370.8681385808
bench_array_conc_reads_ops.rb;40;LayoutLock;1;23391.5861270857
bench_array_conc_reads_ops.rb;40;LayoutLock;2;56772.7632145119
bench_array_conc_reads_ops.rb;40;LayoutLock;3;60957.1152397357
bench_array_conc_reads_ops.rb;40;LayoutLock;4;60936.7745513593
bench_array_conc_reads_ops.rb;40;LayoutLock;5;61870.6232819498
bench_array_conc_reads_ops.rb;40;LayoutLock;6;60072.1948992234
bench_array_conc_reads_ops.rb;40;LayoutLock;7;61904.4245656453
bench_array_conc_reads_ops.rb;40;LayoutLock;8;54859.1674527741
bench_array_conc_reads_ops.rb;40;LayoutLock;9;62015.9277731616
bench_array_conc_reads_ops.rb;40;LayoutLock;10;61998.6464246665
bench_array_conc_reads_ops.rb;44;LayoutLock;1;32839.9028478832
bench_array_conc_reads_ops.rb;44;LayoutLock;2;62936.0983723333
bench_array_conc_reads_ops.rb;44;LayoutLock;3;52627.6903362593
bench_array_conc_reads_ops.rb;44;LayoutLock;4;54310.0462449232
bench_array_conc_reads_ops.rb;44;LayoutLock;5;50207.4779930262
bench_array_conc_reads_ops.rb;44;LayoutLock;6;47913.1022975499
bench_array_conc_reads_ops.rb;44;LayoutLock;7;64423.051525497
bench_array_conc_reads_ops.rb;44;LayoutLock;8;67510.2540577805
bench_array_conc_reads_ops.rb;44;LayoutLock;9;68094.3997795496
bench_array_conc_reads_ops.rb;44;LayoutLock;10;68221.4896002901
bench_array_conc_reads_ops.rb;1;Synchronized;1;234.060027853001
bench_array_conc_reads_ops.rb;1;Synchronized;2;316.938552208774
bench_array_conc_reads_ops.rb;1;Synchronized;3;316.715853671849
bench_array_conc_reads_ops.rb;1;Synchronized;4;317.228344375106
bench_array_conc_reads_ops.rb;1;Synchronized;5;317.312124159773
bench_array_conc_reads_ops.rb;1;Synchronized;6;317.248498602339
bench_array_conc_reads_ops.rb;1;Synchronized;7;316.956755197986
bench_array_conc_reads_ops.rb;1;Synchronized;8;317.205476215436
bench_array_conc_reads_ops.rb;1;Synchronized;9;317.15548467717
bench_array_conc_reads_ops.rb;1;Synchronized;10;317.221451399596
bench_array_conc_reads_ops.rb;2;Synchronized;1;67.6572302669961
bench_array_conc_reads_ops.rb;2;Synchronized;2;90.0602238327426
bench_array_conc_reads_ops.rb;2;Synchronized;3;76.2161859219502
bench_array_conc_reads_ops.rb;2;Synchronized;4;78.8209284467279
bench_array_conc_reads_ops.rb;2;Synchronized;5;95.314093674206
bench_array_conc_reads_ops.rb;2;Synchronized;6;79.1035252395819
bench_array_conc_reads_ops.rb;2;Synchronized;7;77.4715511612491
bench_array_conc_reads_ops.rb;2;Synchronized;8;78.1669293750928
bench_array_conc_reads_ops.rb;2;Synchronized;9;70.992519579993
bench_array_conc_reads_ops.rb;2;Synchronized;10;83.890992382495
bench_array_conc_reads_ops.rb;4;Synchronized;1;26.7499313421275
bench_array_conc_reads_ops.rb;4;Synchronized;2;33.9296052129833
bench_array_conc_reads_ops.rb;4;Synchronized;3;42.0083295994367
bench_array_conc_reads_ops.rb;4;Synchronized;4;36.849847801211
bench_array_conc_reads_ops.rb;4;Synchronized;5;65.6381904006214
bench_array_conc_reads_ops.rb;4;Synchronized;6;43.4593031577967
bench_array_conc_reads_ops.rb;4;Synchronized;7;59.4120685381297
bench_array_conc_reads_ops.rb;4;Synchronized;8;45.1862811459087
bench_array_conc_reads_ops.rb;4;Synchronized;9;41.3950216378568
bench_array_conc_reads_ops.rb;4;Synchronized;10;43.4912171921464
bench_array_conc_reads_ops.rb;8;Synchronized;1;32.3378776291288
bench_array_conc_reads_ops.rb;8;Synchronized;2;38.3531996845788
bench_array_conc_reads_ops.rb;8;Synchronized;3;45.2588172401739
bench_array_conc_reads_ops.rb;8;Synchronized;4;39.4665111088097
bench_array_conc_reads_ops.rb;8;Synchronized;5;47.7325493291313
bench_array_conc_reads_ops.rb;8;Synchronized;6;61.7755099776205
bench_array_conc_reads_ops.rb;8;Synchronized;7;65.1844214826556
bench_array_conc_reads_ops.rb;8;Synchronized;8;50.5155251698805
bench_array_conc_reads_ops.rb;8;Synchronized;9;39.7410454970946
bench_array_conc_reads_ops.rb;8;Synchronized;10;60.5995254111802
bench_array_conc_reads_ops.rb;12;Synchronized;1;31.6143172109493
bench_array_conc_reads_ops.rb;12;Synchronized;2;44.1582654591873
bench_array_conc_reads_ops.rb;12;Synchronized;3;42.942006640669
bench_array_conc_reads_ops.rb;12;Synchronized;4;44.7210792442715
bench_array_conc_reads_ops.rb;12;Synchronized;5;48.7915527770069
bench_array_conc_reads_ops.rb;12;Synchronized;6;49.6633534569264
bench_array_conc_reads_ops.rb;12;Synchronized;7;44.5275264882941
bench_array_conc_reads_ops.rb;12;Synchronized;8;44.4557049643905
bench_array_conc_reads_ops.rb;12;Synchronized;9;49.4991381662156
bench_array_conc_reads_ops.rb;12;Synchronized;10;42.5241186176701
bench_array_conc_reads_ops.rb;16;Synchronized;1;25.8901528767012
bench_array_conc_reads_ops.rb;16;Synchronized;2;53.6127166566373
bench_array_conc_reads_ops.rb;16;Synchronized;3;56.338077108685
bench_array_conc_reads_ops.rb;16;Synchronized;4;111.014131139038
bench_array_conc_reads_ops.rb;16;Synchronized;5;112.500126016588
bench_array_conc_reads_ops.rb;16;Synchronized;6;112.868079018361
bench_array_conc_reads_ops.rb;16;Synchronized;7;109.833426639594
bench_array_conc_reads_ops.rb;16;Synchronized;8;112.582930004632
bench_array_conc_reads_ops.rb;16;Synchronized;9;109.840427251661
bench_array_conc_reads_ops.rb;16;Synchronized;10;110.160219680717
bench_array_conc_reads_ops.rb;20;Synchronized;1;36.1512200697142
bench_array_conc_reads_ops.rb;20;Synchronized;2;41.9405066269009
bench_array_conc_reads_ops.rb;20;Synchronized;3;41.5899273334501
bench_array_conc_reads_ops.rb;20;Synchronized;4;43.7382693767595
bench_array_conc_reads_ops.rb;20;Synchronized;5;40.9083237559754
bench_array_conc_reads_ops.rb;20;Synchronized;6;40.6631542287019
bench_array_conc_reads_ops.rb;20;Synchronized;7;42.4093138583903
bench_array_conc_reads_ops.rb;20;Synchronized;8;49.2640945125017
bench_array_conc_reads_ops.rb;20;Synchronized;9;48.88241688072
bench_array_conc_reads_ops.rb;20;Synchronized;10;51.0944373965674
bench_array_conc_reads_ops.rb;22;Synchronized;1;28.3989935890468
bench_array_conc_reads_ops.rb;22;Synchronized;2;75.2879063714914
bench_array_conc_reads_ops.rb;22;Synchronized;3;84.8368569921799
bench_array_conc_reads_ops.rb;22;Synchronized;4;42.6613263389581
bench_array_conc_reads_ops.rb;22;Synchronized;5;41.7592955215398
bench_array_conc_reads_ops.rb;22;Synchronized;6;42.1073928247645
bench_array_conc_reads_ops.rb;22;Synchronized;7;49.8689894104578
bench_array_conc_reads_ops.rb;22;Synchronized;8;51.2496693835881
bench_array_conc_reads_ops.rb;22;Synchronized;9;51.9339545061617
bench_array_conc_reads_ops.rb;22;Synchronized;10;51.6219483633621
bench_array_conc_reads_ops.rb;24;Synchronized;1;46.1131694351137
bench_array_conc_reads_ops.rb;24;Synchronized;2;79.3979018333568
bench_array_conc_reads_ops.rb;24;Synchronized;3;58.5180925053805
bench_array_conc_reads_ops.rb;24;Synchronized;4;61.8302145939161
bench_array_conc_reads_ops.rb;24;Synchronized;5;58.6795261886102
bench_array_conc_reads_ops.rb;24;Synchronized;6;56.7008832639319
bench_array_conc_reads_ops.rb;24;Synchronized;7;56.1102214263952
bench_array_conc_reads_ops.rb;24;Synchronized;8;52.7885316641788
bench_array_conc_reads_ops.rb;24;Synchronized;9;50.1184910045761
bench_array_conc_reads_ops.rb;24;Synchronized;10;45.4542016145543
bench_array_conc_reads_ops.rb;28;Synchronized;1;46.7733272349377
bench_array_conc_reads_ops.rb;28;Synchronized;2;84.6255647099249
bench_array_conc_reads_ops.rb;28;Synchronized;3;61.9954636661085
bench_array_conc_reads_ops.rb;28;Synchronized;4;111.061614521438
bench_array_conc_reads_ops.rb;28;Synchronized;5;108.325874175329
bench_array_conc_reads_ops.rb;28;Synchronized;6;75.9970398490239
bench_array_conc_reads_ops.rb;28;Synchronized;7;110.233603793292
bench_array_conc_reads_ops.rb;28;Synchronized;8;109.294896099175
bench_array_conc_reads_ops.rb;28;Synchronized;9;109.506738039695
bench_array_conc_reads_ops.rb;28;Synchronized;10;110.890572299658
bench_array_conc_reads_ops.rb;32;Synchronized;1;37.9694172570975
bench_array_conc_reads_ops.rb;32;Synchronized;2;72.1315554102745
bench_array_conc_reads_ops.rb;32;Synchronized;3;67.0494167607017
bench_array_conc_reads_ops.rb;32;Synchronized;4;69.0243888158224
bench_array_conc_reads_ops.rb;32;Synchronized;5;73.3843724784759
bench_array_conc_reads_ops.rb;32;Synchronized;6;74.6623297534943
bench_array_conc_reads_ops.rb;32;Synchronized;7;60.3306424138728
bench_array_conc_reads_ops.rb;32;Synchronized;8;43.2243491625987
bench_array_conc_reads_ops.rb;32;Synchronized;9;73.6189569361221
bench_array_conc_reads_ops.rb;32;Synchronized;10;71.7730636426238
bench_array_conc_reads_ops.rb;36;Synchronized;1;35.3243249797865
bench_array_conc_reads_ops.rb;36;Synchronized;2;93.7401611892296
bench_array_conc_reads_ops.rb;36;Synchronized;3;60.4307415901101
bench_array_conc_reads_ops.rb;36;Synchronized;4;67.5677532173141
bench_array_conc_reads_ops.rb;36;Synchronized;5;49.4689400734801
bench_array_conc_reads_ops.rb;36;Synchronized;6;47.2947958285557
bench_array_conc_reads_ops.rb;36;Synchronized;7;47.6361424080573
bench_array_conc_reads_ops.rb;36;Synchronized;8;46.3441387163327
bench_array_conc_reads_ops.rb;36;Synchronized;9;47.2414056661439
bench_array_conc_reads_ops.rb;36;Synchronized;10;47.8117977516057
bench_array_conc_reads_ops.rb;40;Synchronized;1;34.822923129972
bench_array_conc_reads_ops.rb;40;Synchronized;2;45.902809632339
bench_array_conc_reads_ops.rb;40;Synchronized;3;46.1972162118068
bench_array_conc_reads_ops.rb;40;Synchronized;4;44.2043858356152
bench_array_conc_reads_ops.rb;40;Synchronized;5;45.3638062856095
bench_array_conc_reads_ops.rb;40;Synchronized;6;44.9999180104161
bench_array_conc_reads_ops.rb;40;Synchronized;7;45.2992894490517
bench_array_conc_reads_ops.rb;40;Synchronized;8;45.4661834259673
bench_array_conc_reads_ops.rb;40;Synchronized;9;45.6307551597494
bench_array_conc_reads_ops.rb;40;Synchronized;10;45.815343719592
bench_array_conc_reads_ops.rb;44;Synchronized;1;42.3840972652416
bench_array_conc_reads_ops.rb;44;Synchronized;2;71.3634400010833
bench_array_conc_reads_ops.rb;44;Synchronized;3;50.4041917958275
bench_array_conc_reads_ops.rb;44;Synchronized;4;58.7342763251787
bench_array_conc_reads_ops.rb;44;Synchronized;5;51.5070213513725
bench_array_conc_reads_ops.rb;44;Synchronized;6;74.7383910149684
bench_array_conc_reads_ops.rb;44;Synchronized;7;70.5757418970186
bench_array_conc_reads_ops.rb;44;Synchronized;8;74.7855229623628
bench_array_conc_reads_ops.rb;44;Synchronized;9;81.15343110824
bench_array_conc_reads_ops.rb;44;Synchronized;10;46.3056673331589
bench_array_conc_reads_ops.rb;1;ReentrantLock;1;211.722453421711
bench_array_conc_reads_ops.rb;1;ReentrantLock;2;292.524503693224
bench_array_conc_reads_ops.rb;1;ReentrantLock;3;286.781031283456
bench_array_conc_reads_ops.rb;1;ReentrantLock;4;292.297301285989
bench_array_conc_reads_ops.rb;1;ReentrantLock;5;293.91994944708
bench_array_conc_reads_ops.rb;1;ReentrantLock;6;295.637487709745
bench_array_conc_reads_ops.rb;1;ReentrantLock;7;291.210142803333
bench_array_conc_reads_ops.rb;1;ReentrantLock;8;292.705085056716
bench_array_conc_reads_ops.rb;1;ReentrantLock;9;294.246689168917
bench_array_conc_reads_ops.rb;1;ReentrantLock;10;295.763663831619
bench_array_conc_reads_ops.rb;2;ReentrantLock;1;36.0325778915198
bench_array_conc_reads_ops.rb;2;ReentrantLock;2;52.4205400841783
bench_array_conc_reads_ops.rb;2;ReentrantLock;3;45.7351154947761
bench_array_conc_reads_ops.rb;2;ReentrantLock;4;44.2610661163742
bench_array_conc_reads_ops.rb;2;ReentrantLock;5;43.466908914118
bench_array_conc_reads_ops.rb;2;ReentrantLock;6;50.0510216024357
bench_array_conc_reads_ops.rb;2;ReentrantLock;7;53.4285283654899
bench_array_conc_reads_ops.rb;2;ReentrantLock;8;53.7804708739563
bench_array_conc_reads_ops.rb;2;ReentrantLock;9;53.1222786673
bench_array_conc_reads_ops.rb;2;ReentrantLock;10;53.2294551360858
bench_array_conc_reads_ops.rb;4;ReentrantLock;1;130.100895483916
bench_array_conc_reads_ops.rb;4;ReentrantLock;2;183.503533566286
bench_array_conc_reads_ops.rb;4;ReentrantLock;3;185.372485749016
bench_array_conc_reads_ops.rb;4;ReentrantLock;4;181.270905318766
bench_array_conc_reads_ops.rb;4;ReentrantLock;5;178.500606570169
bench_array_conc_reads_ops.rb;4;ReentrantLock;6;180.196246431645
bench_array_conc_reads_ops.rb;4;ReentrantLock;7;175.450994945644
bench_array_conc_reads_ops.rb;4;ReentrantLock;8;179.431019403082
bench_array_conc_reads_ops.rb;4;ReentrantLock;9;181.554253785263
bench_array_conc_reads_ops.rb;4;ReentrantLock;10;180.944298438086
bench_array_conc_reads_ops.rb;8;ReentrantLock;1;121.600057452266
bench_array_conc_reads_ops.rb;8;ReentrantLock;2;189.806454566822
bench_array_conc_reads_ops.rb;8;ReentrantLock;3;189.616294870224
bench_array_conc_reads_ops.rb;8;ReentrantLock;4;188.958566423523
bench_array_conc_reads_ops.rb;8;ReentrantLock;5;187.422087757884
bench_array_conc_reads_ops.rb;8;ReentrantLock;6;188.36241354574
bench_array_conc_reads_ops.rb;8;ReentrantLock;7;186.796292828016
bench_array_conc_reads_ops.rb;8;ReentrantLock;8;187.307837563199
bench_array_conc_reads_ops.rb;8;ReentrantLock;9;188.193792214249
bench_array_conc_reads_ops.rb;8;ReentrantLock;10;188.162435313461
bench_array_conc_reads_ops.rb;12;ReentrantLock;1;105.958851215646
bench_array_conc_reads_ops.rb;12;ReentrantLock;2;187.485116748012
bench_array_conc_reads_ops.rb;12;ReentrantLock;3;190.865604700094
bench_array_conc_reads_ops.rb;12;ReentrantLock;4;186.877406597331
bench_array_conc_reads_ops.rb;12;ReentrantLock;5;186.421853778521
bench_array_conc_reads_ops.rb;12;ReentrantLock;6;185.937475946597
bench_array_conc_reads_ops.rb;12;ReentrantLock;7;182.87235112404
bench_array_conc_reads_ops.rb;12;ReentrantLock;8;184.699260195205
bench_array_conc_reads_ops.rb;12;ReentrantLock;9;185.490153162441
bench_array_conc_reads_ops.rb;12;ReentrantLock;10;183.846411444285
bench_array_conc_reads_ops.rb;16;ReentrantLock;1;104.283452877481
bench_array_conc_reads_ops.rb;16;ReentrantLock;2;237.919080338749
bench_array_conc_reads_ops.rb;16;ReentrantLock;3;206.540279769102
bench_array_conc_reads_ops.rb;16;ReentrantLock;4;190.349835957699
bench_array_conc_reads_ops.rb;16;ReentrantLock;5;194.826956823921
bench_array_conc_reads_ops.rb;16;ReentrantLock;6;222.516633682459
bench_array_conc_reads_ops.rb;16;ReentrantLock;7;190.135969684215
bench_array_conc_reads_ops.rb;16;ReentrantLock;8;187.75486471291
bench_array_conc_reads_ops.rb;16;ReentrantLock;9;188.813366602958
bench_array_conc_reads_ops.rb;16;ReentrantLock;10;243.53984323655
bench_array_conc_reads_ops.rb;20;ReentrantLock;1;109.650083195017
bench_array_conc_reads_ops.rb;20;ReentrantLock;2;264.989752196235
bench_array_conc_reads_ops.rb;20;ReentrantLock;3;280.468786302641
bench_array_conc_reads_ops.rb;20;ReentrantLock;4;263.699558090006
bench_array_conc_reads_ops.rb;20;ReentrantLock;5;258.216179736497
bench_array_conc_reads_ops.rb;20;ReentrantLock;6;264.3133951281
bench_array_conc_reads_ops.rb;20;ReentrantLock;7;261.594286979402
bench_array_conc_reads_ops.rb;20;ReentrantLock;8;260.828592403042
bench_array_conc_reads_ops.rb;20;ReentrantLock;9;252.335041172844
bench_array_conc_reads_ops.rb;20;ReentrantLock;10;247.777329281015
bench_array_conc_reads_ops.rb;22;ReentrantLock;1;81.4841133675546
bench_array_conc_reads_ops.rb;22;ReentrantLock;2;286.321754363405
bench_array_conc_reads_ops.rb;22;ReentrantLock;3;271.198727648729
bench_array_conc_reads_ops.rb;22;ReentrantLock;4;270.639294035033
bench_array_conc_reads_ops.rb;22;ReentrantLock;5;255.115906623644
bench_array_conc_reads_ops.rb;22;ReentrantLock;6;264.700804167463
bench_array_conc_reads_ops.rb;22;ReentrantLock;7;256.426040524437
bench_array_conc_reads_ops.rb;22;ReentrantLock;8;259.058906549773
bench_array_conc_reads_ops.rb;22;ReentrantLock;9;272.101239268588
bench_array_conc_reads_ops.rb;22;ReentrantLock;10;268.926523475197
bench_array_conc_reads_ops.rb;24;ReentrantLock;1;58.2079535895324
bench_array_conc_reads_ops.rb;24;ReentrantLock;2;264.087101012566
bench_array_conc_reads_ops.rb;24;ReentrantLock;3;281.833733119901
bench_array_conc_reads_ops.rb;24;ReentrantLock;4;279.30316310344
bench_array_conc_reads_ops.rb;24;ReentrantLock;5;280.020308528974
bench_array_conc_reads_ops.rb;24;ReentrantLock;6;279.685979780205
bench_array_conc_reads_ops.rb;24;ReentrantLock;7;279.228425109314
bench_array_conc_reads_ops.rb;24;ReentrantLock;8;280.960619418245
bench_array_conc_reads_ops.rb;24;ReentrantLock;9;279.719907423797
bench_array_conc_reads_ops.rb;24;ReentrantLock;10;278.801156252682
bench_array_conc_reads_ops.rb;28;ReentrantLock;1;71.1271927411081
bench_array_conc_reads_ops.rb;28;ReentrantLock;2;268.229138302689
bench_array_conc_reads_ops.rb;28;ReentrantLock;3;272.11436949738
bench_array_conc_reads_ops.rb;28;ReentrantLock;4;283.290358530946
bench_array_conc_reads_ops.rb;28;ReentrantLock;5;281.318189263765
bench_array_conc_reads_ops.rb;28;ReentrantLock;6;281.258547349443
bench_array_conc_reads_ops.rb;28;ReentrantLock;7;284.282858998985
bench_array_conc_reads_ops.rb;28;ReentrantLock;8;283.794595466217
bench_array_conc_reads_ops.rb;28;ReentrantLock;9;286.648934933863
bench_array_conc_reads_ops.rb;28;ReentrantLock;10;285.04529352961
bench_array_conc_reads_ops.rb;32;ReentrantLock;1;28.3628309397532
bench_array_conc_reads_ops.rb;32;ReentrantLock;2;288.458792901014
bench_array_conc_reads_ops.rb;32;ReentrantLock;3;269.578921762869
bench_array_conc_reads_ops.rb;32;ReentrantLock;4;267.738569010181
bench_array_conc_reads_ops.rb;32;ReentrantLock;5;272.169421441995
bench_array_conc_reads_ops.rb;32;ReentrantLock;6;273.582740061403
bench_array_conc_reads_ops.rb;32;ReentrantLock;7;272.899277423106
bench_array_conc_reads_ops.rb;32;ReentrantLock;8;272.21371644831
bench_array_conc_reads_ops.rb;32;ReentrantLock;9;272.448731412264
bench_array_conc_reads_ops.rb;32;ReentrantLock;10;272.464117519596
bench_array_conc_reads_ops.rb;36;ReentrantLock;1;34.0224729688785
bench_array_conc_reads_ops.rb;36;ReentrantLock;2;282.152526252687
bench_array_conc_reads_ops.rb;36;ReentrantLock;3;254.712457528141
bench_array_conc_reads_ops.rb;36;ReentrantLock;4;267.386710675052
bench_array_conc_reads_ops.rb;36;ReentrantLock;5;265.265775919702
bench_array_conc_reads_ops.rb;36;ReentrantLock;6;264.719799493417
bench_array_conc_reads_ops.rb;36;ReentrantLock;7;265.106586599353
bench_array_conc_reads_ops.rb;36;ReentrantLock;8;265.647379709393
bench_array_conc_reads_ops.rb;36;ReentrantLock;9;264.242593093043
bench_array_conc_reads_ops.rb;36;ReentrantLock;10;265.603228264518
bench_array_conc_reads_ops.rb;40;ReentrantLock;1;29.9785905913013
bench_array_conc_reads_ops.rb;40;ReentrantLock;2;136.495865588827
bench_array_conc_reads_ops.rb;40;ReentrantLock;3;282.502237682206
bench_array_conc_reads_ops.rb;40;ReentrantLock;4;282.502232023004
bench_array_conc_reads_ops.rb;40;ReentrantLock;5;286.457773159159
bench_array_conc_reads_ops.rb;40;ReentrantLock;6;289.381115240684
bench_array_conc_reads_ops.rb;40;ReentrantLock;7;287.944301639595
bench_array_conc_reads_ops.rb;40;ReentrantLock;8;288.164533407428
bench_array_conc_reads_ops.rb;40;ReentrantLock;9;285.804714658577
bench_array_conc_reads_ops.rb;40;ReentrantLock;10;287.806774856883
bench_array_conc_reads_ops.rb;44;ReentrantLock;1;31.421968276107
bench_array_conc_reads_ops.rb;44;ReentrantLock;2;119.651087316488
bench_array_conc_reads_ops.rb;44;ReentrantLock;3;284.766234694769
bench_array_conc_reads_ops.rb;44;ReentrantLock;4;277.154234803941
bench_array_conc_reads_ops.rb;44;ReentrantLock;5;279.061791944168
bench_array_conc_reads_ops.rb;44;ReentrantLock;6;279.098379054603
bench_array_conc_reads_ops.rb;44;ReentrantLock;7;278.29431276475
bench_array_conc_reads_ops.rb;44;ReentrantLock;8;279.505581397634
bench_array_conc_reads_ops.rb;44;ReentrantLock;9;278.627216600162
bench_array_conc_reads_ops.rb;44;ReentrantLock;10;277.748561785245
bench_array_conc_reads_ops.rb;1;StampedLock;1;1222.42789178819
bench_array_conc_reads_ops.rb;1;StampedLock;2;1674.2755488901
bench_array_conc_reads_ops.rb;1;StampedLock;3;1673.09975782782
bench_array_conc_reads_ops.rb;1;StampedLock;4;1675.27188764831
bench_array_conc_reads_ops.rb;1;StampedLock;5;1674.53244627589
bench_array_conc_reads_ops.rb;1;StampedLock;6;1675.64167745841
bench_array_conc_reads_ops.rb;1;StampedLock;7;1675.01390012418
bench_array_conc_reads_ops.rb;1;StampedLock;8;1674.51222108982
bench_array_conc_reads_ops.rb;1;StampedLock;9;1675.72360080636
bench_array_conc_reads_ops.rb;1;StampedLock;10;1675.66762132518
bench_array_conc_reads_ops.rb;2;StampedLock;1;2100.07424682717
bench_array_conc_reads_ops.rb;2;StampedLock;2;2904.58273197613
bench_array_conc_reads_ops.rb;2;StampedLock;3;3347.3476180052
bench_array_conc_reads_ops.rb;2;StampedLock;4;3345.3678904555
bench_array_conc_reads_ops.rb;2;StampedLock;5;3347.9579819222
bench_array_conc_reads_ops.rb;2;StampedLock;6;3348.31407586426
bench_array_conc_reads_ops.rb;2;StampedLock;7;3348.94715339924
bench_array_conc_reads_ops.rb;2;StampedLock;8;3349.27475227039
bench_array_conc_reads_ops.rb;2;StampedLock;9;3349.14789480748
bench_array_conc_reads_ops.rb;2;StampedLock;10;3349.49816944998
bench_array_conc_reads_ops.rb;4;StampedLock;1;4014.42939062154
bench_array_conc_reads_ops.rb;4;StampedLock;2;5809.81447769236
bench_array_conc_reads_ops.rb;4;StampedLock;3;6687.28792446026
bench_array_conc_reads_ops.rb;4;StampedLock;4;6686.88037920247
bench_array_conc_reads_ops.rb;4;StampedLock;5;6694.64006546519
bench_array_conc_reads_ops.rb;4;StampedLock;6;6646.40223255234
bench_array_conc_reads_ops.rb;4;StampedLock;7;6691.14239948244
bench_array_conc_reads_ops.rb;4;StampedLock;8;6690.27477592002
bench_array_conc_reads_ops.rb;4;StampedLock;9;6690.89594738025
bench_array_conc_reads_ops.rb;4;StampedLock;10;6689.89442663794
bench_array_conc_reads_ops.rb;8;StampedLock;1;7575.54410445115
bench_array_conc_reads_ops.rb;8;StampedLock;2;11610.9187815601
bench_array_conc_reads_ops.rb;8;StampedLock;3;13390.1406956875
bench_array_conc_reads_ops.rb;8;StampedLock;4;13363.0944126093
bench_array_conc_reads_ops.rb;8;StampedLock;5;13392.2447324917
bench_array_conc_reads_ops.rb;8;StampedLock;6;13394.0102401657
bench_array_conc_reads_ops.rb;8;StampedLock;7;13394.1863411344
bench_array_conc_reads_ops.rb;8;StampedLock;8;13385.0973645295
bench_array_conc_reads_ops.rb;8;StampedLock;9;13339.4094874505
bench_array_conc_reads_ops.rb;8;StampedLock;10;13392.2683231838
bench_array_conc_reads_ops.rb;12;StampedLock;1;11976.8564459343
bench_array_conc_reads_ops.rb;12;StampedLock;2;17396.375752768
bench_array_conc_reads_ops.rb;12;StampedLock;3;19856.1496893289
bench_array_conc_reads_ops.rb;12;StampedLock;4;20057.5855301503
bench_array_conc_reads_ops.rb;12;StampedLock;5;19927.3462712901
bench_array_conc_reads_ops.rb;12;StampedLock;6;19990.1319847295
bench_array_conc_reads_ops.rb;12;StampedLock;7;20067.4053663549
bench_array_conc_reads_ops.rb;12;StampedLock;8;20059.6605189035
bench_array_conc_reads_ops.rb;12;StampedLock;9;20030.5280201559
bench_array_conc_reads_ops.rb;12;StampedLock;10;20050.4323493449
bench_array_conc_reads_ops.rb;16;StampedLock;1;14102.5704534832
bench_array_conc_reads_ops.rb;16;StampedLock;2;23222.9283279006
bench_array_conc_reads_ops.rb;16;StampedLock;3;23231.2883782959
bench_array_conc_reads_ops.rb;16;StampedLock;4;26618.0516544731
bench_array_conc_reads_ops.rb;16;StampedLock;5;26619.081785876
bench_array_conc_reads_ops.rb;16;StampedLock;6;26735.9548490575
bench_array_conc_reads_ops.rb;16;StampedLock;7;26577.5434988134
bench_array_conc_reads_ops.rb;16;StampedLock;8;26658.2518979497
bench_array_conc_reads_ops.rb;16;StampedLock;9;26741.3590182599
bench_array_conc_reads_ops.rb;16;StampedLock;10;26614.7967905671
bench_array_conc_reads_ops.rb;20;StampedLock;1;17866.8531945134
bench_array_conc_reads_ops.rb;20;StampedLock;2;28982.6659811899
bench_array_conc_reads_ops.rb;20;StampedLock;3;33460.7064038371
bench_array_conc_reads_ops.rb;20;StampedLock;4;33410.6950747324
bench_array_conc_reads_ops.rb;20;StampedLock;5;33305.2735210229
bench_array_conc_reads_ops.rb;20;StampedLock;6;33456.7834902511
bench_array_conc_reads_ops.rb;20;StampedLock;7;33445.7625793229
bench_array_conc_reads_ops.rb;20;StampedLock;8;33285.8735958778
bench_array_conc_reads_ops.rb;20;StampedLock;9;33387.1497628552
bench_array_conc_reads_ops.rb;20;StampedLock;10;33416.9059180052
bench_array_conc_reads_ops.rb;22;StampedLock;1;20518.3790391901
bench_array_conc_reads_ops.rb;22;StampedLock;2;31858.5698136015
bench_array_conc_reads_ops.rb;22;StampedLock;3;36642.0553027552
bench_array_conc_reads_ops.rb;22;StampedLock;4;36717.2809379806
bench_array_conc_reads_ops.rb;22;StampedLock;5;36742.487425242
bench_array_conc_reads_ops.rb;22;StampedLock;6;36561.5046849294
bench_array_conc_reads_ops.rb;22;StampedLock;7;36675.5059434013
bench_array_conc_reads_ops.rb;22;StampedLock;8;36741.7391800407
bench_array_conc_reads_ops.rb;22;StampedLock;9;36563.5634706029
bench_array_conc_reads_ops.rb;22;StampedLock;10;36618.2671021301
bench_array_conc_reads_ops.rb;24;StampedLock;1;20877.5162726418
bench_array_conc_reads_ops.rb;24;StampedLock;2;34662.7609244775
bench_array_conc_reads_ops.rb;24;StampedLock;3;39860.3397318887
bench_array_conc_reads_ops.rb;24;StampedLock;4;40114.2018458042
bench_array_conc_reads_ops.rb;24;StampedLock;5;40075.2133859769
bench_array_conc_reads_ops.rb;24;StampedLock;6;39854.6434456234
bench_array_conc_reads_ops.rb;24;StampedLock;7;40050.3575915541
bench_array_conc_reads_ops.rb;24;StampedLock;8;40070.4100803181
bench_array_conc_reads_ops.rb;24;StampedLock;9;39993.9554955397
bench_array_conc_reads_ops.rb;24;StampedLock;10;40015.3897969235
bench_array_conc_reads_ops.rb;28;StampedLock;1;22783.4404219442
bench_array_conc_reads_ops.rb;28;StampedLock;2;40553.8095185437
bench_array_conc_reads_ops.rb;28;StampedLock;3;46537.9242836761
bench_array_conc_reads_ops.rb;28;StampedLock;4;46674.1342865987
bench_array_conc_reads_ops.rb;28;StampedLock;5;46659.311827261
bench_array_conc_reads_ops.rb;28;StampedLock;6;46557.8134021129
bench_array_conc_reads_ops.rb;28;StampedLock;7;46531.1351198316
bench_array_conc_reads_ops.rb;28;StampedLock;8;46702.4846674816
bench_array_conc_reads_ops.rb;28;StampedLock;9;46787.0183297198
bench_array_conc_reads_ops.rb;28;StampedLock;10;46613.8481467893
bench_array_conc_reads_ops.rb;32;StampedLock;1;27866.7769095155
bench_array_conc_reads_ops.rb;32;StampedLock;2;44703.5550242109
bench_array_conc_reads_ops.rb;32;StampedLock;3;53412.1686092971
bench_array_conc_reads_ops.rb;32;StampedLock;4;42791.6749762189
bench_array_conc_reads_ops.rb;32;StampedLock;5;53422.6677727996
bench_array_conc_reads_ops.rb;32;StampedLock;6;53114.5272571462
bench_array_conc_reads_ops.rb;32;StampedLock;7;53391.9797956665
bench_array_conc_reads_ops.rb;32;StampedLock;8;53490.9777464588
bench_array_conc_reads_ops.rb;32;StampedLock;9;53362.8207305918
bench_array_conc_reads_ops.rb;32;StampedLock;10;53464.0431025245
bench_array_conc_reads_ops.rb;36;StampedLock;1;24972.5599763156
bench_array_conc_reads_ops.rb;36;StampedLock;2;51499.8939555397
bench_array_conc_reads_ops.rb;36;StampedLock;3;60047.3546141142
bench_array_conc_reads_ops.rb;36;StampedLock;4;60115.5365765617
bench_array_conc_reads_ops.rb;36;StampedLock;5;59907.7378702013
bench_array_conc_reads_ops.rb;36;StampedLock;6;60067.5091434318
bench_array_conc_reads_ops.rb;36;StampedLock;7;60190.8728965843
bench_array_conc_reads_ops.rb;36;StampedLock;8;59890.4080861532
bench_array_conc_reads_ops.rb;36;StampedLock;9;60096.5327056273
bench_array_conc_reads_ops.rb;36;StampedLock;10;60120.4348628493
bench_array_conc_reads_ops.rb;40;StampedLock;1;26687.4341207011
bench_array_conc_reads_ops.rb;40;StampedLock;2;48860.2876537188
bench_array_conc_reads_ops.rb;40;StampedLock;3;66169.8314405465
bench_array_conc_reads_ops.rb;40;StampedLock;4;46000.6553571197
bench_array_conc_reads_ops.rb;40;StampedLock;5;62539.5669403999
bench_array_conc_reads_ops.rb;40;StampedLock;6;66376.2316985071
bench_array_conc_reads_ops.rb;40;StampedLock;7;66166.196768856
bench_array_conc_reads_ops.rb;40;StampedLock;8;66754.8457782865
bench_array_conc_reads_ops.rb;40;StampedLock;9;66527.1607099822
bench_array_conc_reads_ops.rb;40;StampedLock;10;66278.3068378123
bench_array_conc_reads_ops.rb;44;StampedLock;1;8579.3933432111
bench_array_conc_reads_ops.rb;44;StampedLock;2;61827.3137944288
bench_array_conc_reads_ops.rb;44;StampedLock;3;70434.1561272988
bench_array_conc_reads_ops.rb;44;StampedLock;4;67187.4892133619
bench_array_conc_reads_ops.rb;44;StampedLock;5;69030.554696193
bench_array_conc_reads_ops.rb;44;StampedLock;6;68158.6832539722
bench_array_conc_reads_ops.rb;44;StampedLock;7;67003.2049316944
bench_array_conc_reads_ops.rb;44;StampedLock;8;62893.3785011533
bench_array_conc_reads_ops.rb;44;StampedLock;9;67153.9089505118
bench_array_conc_reads_ops.rb;44;StampedLock;10;70365.4224272958
